motif1	['Attract:PCBP2_792', 'Attract:HNRNPD_735', 'Attract:PCBP1_766']
motif2	['Attract:ELAVL2_M329_0.6']
motif3	['Attract:RBFOX1_621']
motif4	['Attract:HNRNPA1_650']
motif5	['Attract:YBX1_1291', 'Attract:YBX1_1339']
motif6	['Attract:KHSRP_1110']
motif7	['Attract:RC3H1_354']
motif8	['Attract:RNASEL_563']
motif9	['Attract:CELF1_s88']
motif10	['Attract:AGO2_399']
motif11	['Ornament:NUPL2_7mer_logo6']
motif12	['Attract:PTBP1_489']
motif13	['Attract:SRSF3_1252']
motif14	['Attract:HNRNPDL_s43']
motif15	['Attract:NONO_M307_0.6']
motif16	['Attract:ZRANB2_s21']
motif17	['Attract:RC3H1_467']
motif18	['Attract:TARDBP_1278']
motif19	['Attract:HNRNPA1_673']
motif20	['Attract:ELAVL4_1097']
motif21	['Attract:SRSF6_1269']
motif22	['Ornament:NUPL2_7mer_logo5']
motif23	['Attract:KHSRP_63']
motif24	['Attract:OAS1_385']
motif25	['Attract:TRA2B_s78']
motif26	['Attract:QKI_70']
motif27	['Attract:KHSRP_41']
motif28	['Attract:PTBP1_s100']
motif29	['Attract:YTHDC1_M354_0.6']
motif30	['Attract:SNRPA_M319_0.6']
motif31	['Attract:CELF1_592']
motif32	['Attract:SF1_1206']
motif33	['Ornament:NUPL2_7mer_logo4']
motif34	['Attract:SRSF1_1214']
motif35	['Attract:SRSF1_1223']
motif36	['Attract:PTBP1_100']
motif37	['Attract:DHX9_377']
motif38	['Attract:NOVA1_99']
motif39	['Attract:HNRNPK_1027']
motif40	['Attract:SRSF1_1224']
motif41	['Attract:SRSF1_s60']
motif42	['Attract:QKI_1140']
motif43	['Attract:TIAL1_1289']
motif44	['Ornament:NUPL2_7mer_logo3']
motif45	['Attract:SRSF2_1334']
motif46	['Attract:SRSF1_325']
motif47	['Attract:SRSF2_1323']
motif48	['Attract:TRA2A_1328']
motif49	['Attract:SRSF2_1348']
motif50	['Attract:PTBP1_1314']
motif51	['Attract:SRSF1_1367']
motif52	['Attract:SRSF1_1385']
motif53	['Attract:SRSF1_1336', 'Attract:HNRNPF_1331', 'Attract:HNRNPA1_1306', 'Attract:HNRNPH1_1347']
motif54	['Attract:HNRNPH1_1387']
motif55	['Ornament:NUPL2_7mer_logo2']
motif56	['Attract:SRSF1_1345']
motif57	['Attract:SRSF3_1354', 'Attract:YBX1_1321']
motif58	['Attract:SRSF1_1327', 'Attract:SRSF2_1380']
motif59	['Attract:SRSF2_1395', 'Attract:SRSF1_1353']
motif60	['Attract:SRSF2_1311']
motif61	['Attract:SRSF1_1335']
motif62	['Attract:SRSF2_1357']
motif63	['Attract:SRSF1_1349']
motif64	['Attract:RBMX_1386']
motif65	['Attract:NOVA1_1378']
motif66	['Ornament:NUPL2_7mer_logo1']
motif67	['Attract:SRSF1_1376']
motif68	['Attract:SRSF1_1312']
motif69	['Attract:SRSF1_1393']
motif70	['Attract:SRSF5_1343']
motif71	['Attract:NOVA1 _1394']
motif72	['Attract:SRSF1_1364']
motif73	['Attract:PTBP1_1368']
motif74	['Attract:RBMX_1361']
motif75	['Attract:SRSF5_1333']
motif76	['Attract:RBMX_1377']
motif77	['Ornament:NUPL2_7mer_logo0']
motif78	['Attract:SRSF1_1383']
motif79	['Attract:SRSF5_1330']
motif80	['Attract:HNRNPH1_1391']
motif81	['Attract:HNRNPA1_1397']
motif82	['Attract:RBMX_1316']
motif83	['Attract:PTBP1_1340']
motif84	['Attract:SRSF6_1384']
motif85	['CISBP:MEX3C_MEX3D_MEX3B_M122_0.6']
motif86	['CISBP:SNRPB2_M136_0.6']
motif87	['Ornament:PABPN1L_7mer_logo1']
motif88	['CISBP:ZFP36_M269_0.6']
motif89	['CISBP:SRSF1_M272_0.6']
motif90	['CISBP:NCL_M245_0.6']
motif91	['CISBP:PABPC1_M275_0.6']
motif92	['CISBP:HNRNPA1_M271_0.6']
motif93	['CISBP:ACO1_M256_0.6']
motif94	['CISBP:SRSF2_M274_0.6']
motif95	['CISBP:RBMY1F_RBMY1J_RBMY1A1_RBMY1E_RBMY1B_RBMY1D_M246_0.6']
motif96	['CISBP:RBMY1A1_M247_0.6']
motif97	['CISBP:A2BP1_M298_0.6']
motif98	['Ornament:PABPN1L_7mer_logo0']
motif99	['CISBP:IGF2BP1_M296_0.6']
motif100	['CISBP:EIF4B_M292_0.6']
motif101	['CISBP:NONO_M307_0.6']
motif102	['CISBP:SRSF2_M332_0.6']
motif103	['CISBP:NOVA2_M325_0.6']
motif104	['CISBP:ELAVL2_M330_0.6']
motif105	['CISBP:FUS_TAF15_M316_0.6']
motif106	['CISBP:SNRPA_M345_0.6']
motif107	['CISBP:NOVA2_ENSG00000248163_ENSG00000249644_M323_0.6']
motif108	['CISBP:MBNL1_M320_0.6']
motif109	['Ornament:PCBP1_7mer_logo3']
motif110	['Ornament:CELF1_7mer_logo0']
motif111	['CISBP:ELAVL2_M328_0.6']
motif112	['CISBP:RBMX_RBMXL2_RBMXL3_RBMXL1_M344_0.6']
motif113	['CISBP:ELAVL2_M329_0.6']
motif114	['CISBP:SNRPA_M347_0.6']
motif115	['CISBP:SRSF7_M331_0.6']
motif116	['CISBP:SNRPA_M346_0.6']
motif117	['CISBP:SRSF9_M333_0.6']
motif118	['CISBP:SNRPA_M317_0.6']
motif119	['CISBP:YTHDC1_M354_0.6']
motif120	['CISBP:SRSF2_M352_0.6']
motif121	['Ornament:PCBP1_7mer_logo2']
motif122	['CISBP:ZFP36_M350_0.6']
motif123	['CISBP:SRSF7_M353_0.6']
motif124	['Ornament:PCBP1_7mer_logo1']
motif125	['Ornament:PCBP1_7mer_logo0']
motif126	['Ornament:PCBP2_7mer_logo4']
motif127	['Ornament:PCBP2_7mer_logo3']
motif128	['Ornament:PCBP2_7mer_logo2']
motif129	['Ornament:PCBP2_7mer_logo1']
motif130	['Ornament:PCBP2_7mer_logo0']
motif131	['Ornament:PCBP4_7mer_logo2']
motif132	['Ornament:PCBP4_7mer_logo1']
motif133	['Ornament:CELF1_7mer_logo1']
motif134	['Ornament:PCBP4_7mer_logo0']
motif135	['Ornament:PRR3_7mer_logo2']
motif136	['Ornament:PRR3_7mer_logo1']
motif137	['Ornament:PRR3_7mer_logo0']
motif138	['Ornament:PTBP3_7mer_logo1']
motif139	['Ornament:PTBP3_7mer_logo0']
motif140	['Ornament:PUF60_7mer_logo1']
motif141	['Ornament:PUF60_7mer_logo0']
motif142	['Ornament:PUM1_7mer_logo1']
motif143	['Ornament:PUM1_7mer_logo0']
motif144	['Ornament:CNOT4_7mer_logo0']
motif145	['Ornament:RALYL_7mer_logo1']
motif146	['Ornament:RALYL_7mer_logo0']
motif147	['Ornament:RBFOX2_7mer_logo0']
motif148	['Ornament:RBFOX3_7mer_logo0']
motif149	['Ornament:RBM4_7mer_logo0']
motif150	['Ornament:RBM4_7mer_logo1']
motif151	['Ornament:RBM4_7mer_logo2']
motif152	['Ornament:RBM4B_7mer_logo3']
motif153	['Ornament:RBM4B_7mer_logo2']
motif154	['Ornament:RBM4B_7mer_logo1']
motif155	['Ornament:CNOT4_7mer_logo2']
motif156	['Ornament:RBM4B_7mer_logo0']
motif157	['Ornament:RBM6_7mer_logo0']
motif158	['Ornament:RBM6_7mer_logo1']
motif159	['Ornament:RBM6_7mer_logo2']
motif160	['Ornament:RBM6_7mer_logo3']
motif161	['Ornament:RBM15B_7mer_logo2']
motif162	['Ornament:RBM15B_7mer_logo1']
motif163	['Ornament:RBM15B_7mer_logo0']
motif164	['Ornament:RBM22_7mer_logo0']
motif165	['Ornament:RBM23_7mer_logo1']
motif166	['Ornament:CNOT4_7mer_logo3']
motif167	['Ornament:RBM23_7mer_logo0']
motif168	['Ornament:RBM24_7mer_logo0']
motif169	['Ornament:RBM24_7mer_logo1']
motif170	['Ornament:RBM25_7mer_logo2']
motif171	['Ornament:RBM25_7mer_logo1']
motif172	['Ornament:RBM25_7mer_logo0']
motif173	['Ornament:RBM41_7mer_logo1']
motif174	['Ornament:RBM41_7mer_logo0']
motif175	['Ornament:RBM45_7mer_logo5']
motif176	['Ornament:RBM45_7mer_logo4']
motif177	['Ornament:CPEB1_7mer_logo0']
motif178	['Ornament:RBM45_7mer_logo3']
motif179	['Ornament:RBM45_7mer_logo1']
motif180	['Ornament:RBM45_7mer_logo2']
motif181	['Ornament:RBM45_7mer_logo0']
motif182	['Ornament:RBM47_7mer_logo1']
motif183	['Ornament:RBM47_7mer_logo0']
motif184	['Ornament:RBMS2_7mer_logo2']
motif185	['Ornament:RBMS2_7mer_logo1']
motif186	['Ornament:RBMS2_7mer_logo0']
motif187	['Ornament:RBMS3_7mer_logo3']
motif188	['Ornament:DAZ3_7mer_logo4']
motif189	['Ornament:RBMS3_7mer_logo2']
motif190	['Ornament:RBMS3_7mer_logo1']
motif191	['Ornament:RBMS3_7mer_logo0']
motif192	['Ornament:RC3H1_7mer_logo0']
motif193	['Ornament:RC3H1_7mer_logo1']
motif194	['Ornament:RC3H1_7mer_logo2']
motif195	['Ornament:RC3H1_7mer_logo3']
motif196	['Ornament:SF1_7mer_logo2']
motif197	['Ornament:SF1_7mer_logo0']
motif198	['Ornament:SF1_7mer_logo1']
motif199	['Ornament:DAZ3_7mer_logo5']
motif200	['Ornament:SFPQ_7mer_logo5']
motif201	['Ornament:SFPQ_7mer_logo4']
motif202	['Ornament:SFPQ_7mer_logo3']
motif203	['Ornament:SFPQ_7mer_logo1']
motif204	['Ornament:SFPQ_7mer_logo2']
motif205	['Ornament:SFPQ_7mer_logo0']
motif206	['Ornament:SNRPA_7mer_logo1']
motif207	['Ornament:SNRPA_7mer_logo0']
motif208	['Ornament:SRSF2_7mer_logo3']
motif209	['Ornament:SRSF2_7mer_logo2']
motif210	['Ornament:DAZ3_7mer_logo3']
motif211	['Ornament:SRSF2_7mer_logo0']
motif212	['Ornament:SRSF2_7mer_logo1']
motif213	['Ornament:SRSF5_7mer_logo4']
motif214	['Ornament:SRSF5_7mer_logo3']
motif215	['Ornament:SRSF5_7mer_logo2']
motif216	['Ornament:SRSF5_7mer_logo1']
motif217	['Ornament:SRSF5_7mer_logo0']
motif218	['Ornament:DAZ3_7mer_logo2']
motif219	['Ornament:A1CF_7mer_logo1']
motif220	['Ornament:SRSF8_7mer_logo1']
motif221	['Ornament:SRSF8_7mer_logo0']
motif222	['Ornament:SRSF9_7mer_logo2']
motif223	['Ornament:SRSF9_7mer_logo1']
motif224	['Ornament:SRSF9_7mer_logo0']
motif225	['Ornament:SRSF10_7mer_logo1']
motif226	['Ornament:SRSF10_7mer_logo0']
motif227	['Ornament:SRSF11_7mer_logo1']
motif228	['Ornament:SRSF11_7mer_logo0']
motif229	['Ornament:TAF15_7mer_logo0']
motif230	['Ornament:DAZ3_7mer_logo1']
motif231	['Ornament:TAF15_7mer_logo1']
motif232	['Ornament:TAF15_7mer_logo2']
motif233	['Ornament:TARDBP_7mer_logo1']
motif234	['Ornament:TARDBP_7mer_logo0']
motif235	['Ornament:TIA1_7mer_logo2']
motif236	['Ornament:TIA1_7mer_logo0']
motif237	['Ornament:TRA2A_7mer_logo1']
motif238	['Ornament:TRA2A_7mer_logo0']
motif239	['Ornament:TRNAU1AP_7mer_logo0']
motif240	['Ornament:TRNAU1AP_7mer_logo2']
motif241	['Ornament:DAZ3_7mer_logo0']
motif242	['Ornament:TRNAU1AP_7mer_logo1']
motif243	['Ornament:UNK_7mer_logo3']
motif244	['Ornament:UNK_7mer_logo2']
motif245	['Ornament:UNK_7mer_logo1']
motif246	['Ornament:UNK_7mer_logo0']
motif247	['Ornament:ZCRB1_7mer_logo1']
motif248	['Ornament:ZCRB1_7mer_logo0']
motif249	['Ornament:ZFP36_7mer_logo0']
motif250	['Ornament:ZNF326_7mer_logo3']
motif251	['Ornament:ZNF326_7mer_logo2']
motif252	['Ornament:DAZAP1_7mer_logo2']
motif253	['Ornament:ZNF326_7mer_logo1']
motif254	['Ornament:ZNF326_7mer_logo0']
motif255	['Ornament:CNOT4_7mer_logo1']
motif256	['Ornament:FUBP1_7mer_logo3']
motif257	['Ornament:HNRNPC_7mer_logo1']
motif258	['Ornament:ZNF638_7mer_logoM155', 'Attract:ZNF638_M155_0.6', 'Ray2013:RNCMPT00164_ZNF638', 'CISBP:ZNF638_M155_0.6']
motif259	['Ornament:ZC3H14CONSTRUCT_7mer_logoM084', 'Ray2013:RNCMPT00086_ZC3H14']
motif260	['Ornament:ZC3H10_7mer_logoM083', 'Attract:ZC3H10_M083_0.6', 'Ray2013:RNCMPT00085_ZC3H10', 'CISBP:ZC3H10_M083_0.6']
motif261	['Ornament:YBX2_7mer_logoM082', 'Attract:YBX2_M082_0.6', 'Ray2013:RNCMPT00084_YBX2', 'CISBP:YBX2_M082_0.6']
motif262	['Ornament:YB1_7mer_logoM111', 'Attract:YBX1_M111_0.6', 'Ray2013:RNCMPT00116_YBX1', 'CISBP:YB-1_M111_0.6']
motif263	['Ornament:DAZAP1_7mer_logo1']
motif264	['Ornament:YB1_7mer_logoM081', 'Attract:YBX1_M081_0.6', 'Ray2013:RNCMPT00083_YBX1', 'CISBP:CSDA_YB-1_M081_0.6']
motif265	['Ornament:U2AF2_7mer_logoM077', 'Attract:U2AF2_M077_0.6', 'Ray2013:RNCMPT00079_U2AF2', 'CISBP:U2AF2_M077_0.6']
motif266	['Ornament:DAZAP1_7mer_logo0']
motif267	['Ornament:TIA1_7mer_logoM156', 'Attract:TIA1_M156_0.6', 'Ray2013:RNCMPT00165_TIA1', 'CISBP:TIA1_M156_0.6']
motif268	['Ornament:TIA1_7mer_logoM075', 'Attract:TIA1_M075_0.6', 'Ray2013:RNCMPT00077_TIA1', 'CISBP:TIA1_M075_0.6']
motif269	['Ornament:EIF4G2_7mer_logo3']
motif270	['Ornament:STARPAP_7mer_logoM073', 'Attract:TUT1_M073_0.6', 'Ray2013:RNCMPT00075_TUT1', 'CISBP:STAR-PAP_M073_0.6']
motif271	['Ornament:SRSF9_7mer_logoM072', 'Attract:SRSF9_M072_0.6', 'Ray2013:RNCMPT00074_SRSF9', 'CISBP:SRSF9_M072_0.6']
motif272	['Ornament:SRSF9_7mer_logoM065', 'Attract:SRSF9_M065_0.6', 'Ray2013:RNCMPT00067_SRSF9', 'CISBP:SRSF9_M065_0.6']
motif273	['Ornament:SRSF1_7mer_logoM273', 'CISBP:SRSF1_M273_0.6']
motif274	['Ornament:SRSF1_7mer_logoM154', 'Attract:SRSF1_M154_0.6', 'Ray2013:RNCMPT00163_SRSF1', 'CISBP:SRSF1_M154_0.6']
motif275	['Ornament:SRSF1_7mer_logoM105', 'Ray2013:RNCMPT00109_SRSF1', 'CISBP:SRSF1_M105_0.6']
motif276	['Ornament:SRSF1_7mer_logoM104', 'Attract:SRSF1_M104_0.6', 'Ray2013:RNCMPT00108_SRSF1', 'CISBP:SRSF1_M104_0.6']
motif277	['Ornament:EIF4G2_7mer_logo2']
motif278	['Ornament:SRSF1_7mer_logoM103', 'Attract:SRSF1_M103_0.6', 'Ray2013:RNCMPT00107_SRSF1', 'CISBP:SRSF1_M103_0.6']
motif279	['Ornament:SRSF1_7mer_logoM102', 'Attract:SRSF1_M102_0.6', 'Ray2013:RNCMPT00106_SRSF1', 'CISBP:SRSF1_M102_0.6']
motif280	['Ornament:SNRPA_7mer_logoM348', 'CISBP:SNRPA_M348_0.6']
motif281	['Ornament:SNRPA_7mer_logoM319', 'CISBP:SNRPA_M319_0.6']
motif282	['Ornament:SNRPA_7mer_logoM318', 'CISBP:SNRPA_M318_0.6']
motif283	['Ornament:SNRPA_7mer_logoM069', 'Attract:SNRPA_M069_0.6', 'Ray2013:RNCMPT00071_SNRPA', 'CISBP:SNRPA_M069_0.6']
motif284	['Ornament:SNRNP70_7mer_logoM068', 'Attract:SNRNP70_M068_0.6', 'Ray2013:RNCMPT00070_SNRNP70', 'CISBP:SNRNP70_M068_0.6']
motif285	['Ornament:EIF4G2_7mer_logo1']
motif286	['Ornament:SFPQ_7mer_logoM168', 'Attract:SFPQ_M168_0.6', 'Ray2013:RNCMPT00177_SFPQ', 'CISBP:SFPQ_PSPC1_M168_0.6']
motif287	['Ornament:sf3b4_7mer_logoM195', 'CISBP:SF3B4_M195_0.6']
motif288	['Ornament:SF1CONSTRUCT_mer_logoM063']
motif289	['Ornament:SART3_7mer_logoM062', 'Attract:SART3_M062_0.6', 'Ray2013:RNCMPT00064_SART3', 'CISBP:SART3_M062_0.6']
motif290	['Ornament:SAMD4A_7mer_logoM061', 'Attract:SAMD4A_M061_0.6', 'Ray2013:RNCMPT00063_SAMD4A', 'CISBP:SAMD4A_SAMD4B_M061_0.6']
motif291	['Ornament:EIF4G2_7mer_logo0']
motif292	['Ornament:Rbp1_7mer_logoM056', 'CISBP:SRSF3_M056_0.6']
motif293	['Ornament:RBMS3_7mer_logoM164', 'Attract:RBMS3_M164_0.6', 'Ray2013:RNCMPT00173_RBMS3', 'CISBP:RBMS3_M164_0.6']
motif294	['Ornament:RBMS3_7mer_logoM055', 'Attract:RBMS3_M055_0.6', 'Ray2013:RNCMPT00057_RBMS3', 'CISBP:RBMS3_M055_0.6']
motif295	['Ornament:RBMS1_7mer_logoM143', 'Attract:RBMS1_M143_0.6', 'Ray2013:RNCMPT00152_RBMS1', 'CISBP:RBMS2_RBMS1_ENSG00000213250_M143_0.6']
motif296	['Ornament:ELAVL4_7mer_logo1']
motif297	['Ornament:A1CF_7mer_logo2']
motif298	['Ornament:RBM46_7mer_logoM052', 'Attract:RBM46_M052_0.6', 'Ray2013:RNCMPT00054_RBM46', 'CISBP:RBM46_M052_0.6']
motif299	['Ornament:Rbm45_7mer_logoM209', 'Ray2013:RNCMPT00241_RBM45', 'CISBP:RBM45_M209_0.6']
motif300	['Ornament:RBM42_7mer_logoM142', 'Attract:RBM42_M142_0.6', 'Ray2013:RNCMPT00151_RBM42', 'CISBP:RBM42_M142_0.6']
motif301	['Ornament:RBM41_7mer_logoM051', 'Attract:RBM41_M051_0.6', 'Ray2013:RNCMPT00053_RBM41', 'CISBP:RBM41_M051_0.6']
motif302	['Ornament:Rbm38_7mer_logoM049', 'CISBP:RBM38_M049_0.6']
motif303	['Ornament:RBM28_7mer_logoM047', 'Attract:RBM28_M047_0.6', 'Ray2013:RNCMPT00049_RBM28', 'CISBP:RBM28_M047_0.6']
motif304	['Ornament:RBM24_7mer_logoM175', 'Attract:RBM24_M175_0.6', 'Ray2013:RNCMPT00184_RBM24', 'CISBP:RBM24_M175_0.6']
motif305	['Ornament:RBM8A_7mer_logoM054', 'Attract:RBM8A_M054_0.6', 'Ray2013:RNCMPT00056_RBM8A', 'CISBP:RBM8A_M054_0.6']
motif306	['Ornament:RBM6_7mer_logoM161', 'Attract:RBM6_M161_0.6', 'Ray2013:RNCMPT00170_RBM6', 'CISBP:RBM6_M161_0.6']
motif307	['Ornament:RBM5_7mer_logoM145', 'Attract:RBM5_M145_0.6', 'Ray2013:RNCMPT00154_RBM5', 'CISBP:RBM5_M145_0.6']
motif308	['Ornament:ELAVL4_7mer_logo0']
motif309	['Ornament:RBM5_7mer_logoM053', 'Attract:RBM5_M053_0.6', 'Ray2013:RNCMPT00055_RBM5', 'CISBP:RBM5_M053_0.6']
motif310	['Ornament:RBM4_7mer_logoM109', 'Attract:RBM14_M109_0.6', 'Ray2013:RNCMPT00113_RBM4', 'CISBP:RBM4_M109_0.6']
motif311	['Ornament:RBM4_7mer_logoM050', 'Attract:RBM14_M050_0.6', 'Ray2013:RNCMPT00052_RBM4', 'CISBP:RBM4B_RBM4_RBM4_M050_0.6']
motif312	['Ornament:RBM3_7mer_logoM048', 'Attract:RBM3_M048_0.6', 'Ray2013:RNCMPT00050_RBM3', 'CISBP:CIRBP_RBM3_M048_0.6']
motif313	['Ornament:RALY_7mer_logoM150', 'Attract:RALY_M150_0.6', 'Ray2013:RNCMPT00159_RALY', 'CISBP:RALY_M150_0.6']
motif314	['Ornament:QKI_7mer_logoM262', 'CISBP:QKI_M262_0.6']
motif315	['Ornament:QKI_7mer_logoM046', 'Attract:QKI_M046_0.6', 'Ray2013:RNCMPT00047_QKI', 'CISBP:QKI_M046_0.6']
motif316	['Ornament:ELAVL4_7mer_logo2']
motif317	['Ornament:PTBP1_7mer_logoM228', 'Ray2013:RNCMPT00269_PTBP1', 'CISBP:PTBP1_M228_0.6']
motif318	['Ornament:PTBP1_7mer_logoM227', 'Attract:PTBP1_M227_0.6', 'Ray2013:RNCMPT00268_PTBP1', 'CISBP:PTBP1_PTBP2_ROD1_M227_0.6']
motif319	['Ornament:PPRC1_7mer_logoM044', 'Attract:PPRC1_M044_0.6', 'Ray2013:RNCMPT00045_PPRC1', 'CISBP:PPRC1_M044_0.6']
motif320	['Ornament:ESRP1_7mer_logo2']
motif321	['Ornament:pcbp2_7mer_logoM211']
motif322	['Ornament:PCBP2_7mer_logoM043', 'Attract:PCBP2_M043_0.6', 'Ray2013:RNCMPT00044_PCBP2', 'CISBP:PCBP2_M043_0.6']
motif323	['Ornament:PCBP1_7mer_logoM177', 'Attract:PCBP1_M177_0.6', 'Ray2013:RNCMPT00186_PCBP1', 'CISBP:PCBP1_M177_0.6']
motif324	['Ornament:papi_7mer_logoM011']
motif325	['Ornament:PABPN1_7mer_logoM148', 'Attract:PABPN1_M148_0.6', 'Ray2013:RNCMPT00157_PABPN1', 'CISBP:PABPN1_PABPN1L_M148_0.6']
motif326	['Ornament:PABPC5_7mer_logoM162', 'Attract:PABPC5_M162_0.6', 'Ray2013:RNCMPT00171_PABPC5', 'CISBP:PABPC5_M162_0.6']
motif327	['Ornament:PABPC4_7mer_logoM042', 'Attract:PABPC4_M042_0.6', 'Ray2013:RNCMPT00043_PABPC4', 'CISBP:PABPC4_ENSG00000250177_M042_0.6']
motif328	['Ornament:PABPC3_7mer_logoM144', 'Attract:PABPC3_M144_0.6', 'Ray2013:RNCMPT00153_PABPC3', 'CISBP:PABPC3_M144_0.6']
motif329	['Ornament:ESRP1_7mer_logo1']
motif330	['Ornament:PABPC1_7mer_logoM349', 'CISBP:PABPC1_M349_0.6']
motif331	['Ornament:PABPC1_7mer_logoM146', 'Attract:PABPC1_M146_0.6', 'Ray2013:RNCMPT00155_PABPC1', 'CISBP:PABPC1_PABPC1L_M146_0.6']
motif332	['Ornament:MSI1_7mer_logoM167', 'Attract:MSI1_M167_0.6', 'Ray2013:RNCMPT00176_MSI1', 'CISBP:MSI1_M167_0.6']
motif333	['Ornament:MSI1_7mer_logoM040', 'Attract:MSI1_M040_0.6', 'Ray2013:RNCMPT00041_MSI1', 'CISBP:MSI1_MSI2_M040_0.6']
motif334	['Ornament:ESRP1_7mer_logo0']
motif335	['Ornament:MBNL1_7mer_logoM037', 'Attract:MBNL1_M037_0.6', 'Ray2013:RNCMPT00038_MBNL1', 'CISBP:MBNL3_MBNL2_MBNL1_M037_0.6']
motif336	['Ornament:MATR3_7mer_logoM036', 'Attract:MATR3_M036_0.6', 'Ray2013:RNCMPT00037_MATR3', 'CISBP:MATR3_M036_0.6']
motif337	['Ornament:EWSR1_7mer_logo3']
motif338	['Ornament:LIN28A_7mer_logoM153', 'Attract:LIN28A_M153_0.6', 'Ray2013:RNCMPT00162_LIN28A', 'CISBP:LIN28A_M153_0.6']
motif339	['Ornament:LIN28A_7mer_logoM035', 'Attract:LIN28A_M035_0.6', 'Ray2013:RNCMPT00036_LIN28A', 'CISBP:LIN28A_LIN28B_M035_0.6']
motif340	['Ornament:KHDRBS2_7mer_logoM176', 'Attract:KHDRBS2_M176_0.6', 'Ray2013:RNCMPT00185_KHDRBS2', 'CISBP:KHDRBS2_M176_0.6']
motif341	['Ornament:KHDRBS1_7mer_logoM160', 'Attract:KHDRBS1_M160_0.6', 'Ray2013:RNCMPT00169_KHDRBS1', 'CISBP:KHDRBS1_M160_0.6']
motif342	['Ornament:Khdrbs1_7mer_logoM060']
motif343	['Ornament:IGF2BP3_7mer_logoM163', 'Attract:IGF2BP3_M163_0.6', 'Ray2013:RNCMPT00172_IGF2BP3', 'CISBP:IGF2BP3_M163_0.6']
motif344	['Ornament:EWSR1_7mer_logo2']
motif345	['Ornament:IGF2BP2_7mer_logoM032', 'Attract:IGF2BP2_M032_0.6', 'Ray2013:RNCMPT00033_IGF2BP2', 'CISBP:IGF2BP2_M032_0.6']
motif346	['Ornament:hnRNPLL_7mer_logoM169', 'Attract:HNRNPLL_M169_0.6', 'Ray2013:RNCMPT00178_HNRPLL', 'CISBP:hnRNPLL_M169_0.6']
motif347	['Ornament:EWSR1_7mer_logo1']
motif348	['Ornament:HNRNPL_7mer_logoM089', 'Attract:HNRNPL_M089_0.6', 'Ray2013:RNCMPT00091_HNRNPL', 'CISBP:HNRNPL_ENSG00000215042_M089_0.6']
motif349	['Ornament:HNRNPL_7mer_logoM027', 'Attract:HNRNPL_M027_0.6', 'Ray2013:RNCMPT00027_HNRNPL', 'CISBP:HNRNPL_M027_0.6']
motif350	['Ornament:hnRNPK_7mer_logoM026', 'Attract:HNRNPK_M026_0.6', 'Ray2013:RNCMPT00026_HNRNPK', 'CISBP:hnRNPK_M026_0.6']
motif351	['Ornament:HNRNPH2_7mer_logoM151', 'Attract:HNRNPH2_M151_0.6', 'Ray2013:RNCMPT00160_HNRNPH2', 'CISBP:HNRNPH2_HNRNPH1_HNRNPF_M151_0.6']
motif352	['Ornament:HNRNPCL1_7mer_logoM158', 'Attract:HNRNPCL1_M158_0.6', 'Ray2013:RNCMPT00167_HNRNPCL1', 'CISBP:HNRNPCL1_M158_0.6']
motif353	['Ornament:HNRNPC_7mer_logoM025', 'Attract:HNRNPC_M025_0.6', 'Ray2013:RNCMPT00025_HNRNPC', 'CISBP:HNRNPC_M025_0.6']
motif354	['Ornament:HNRNPAB_7mer_logoM210', 'CISBP:HNRPDL_M210_0.6']
motif355	['Ornament:HNRNPA2B1_7mer_logoM024', 'Attract:HNRNPA2B1_M024_0.6', 'Ray2013:RNCMPT00024_HNRNPA2B1', 'CISBP:HNRNPA2B1_M024_0.6']
motif356	['Ornament:HNRNPA1L2_7mer_logoM023', 'Attract:HNRNPA1L2_M023_0.6', 'Ray2013:RNCMPT00023_HNRNPA1L2', 'CISBP:HNRNPA1L2_M023_0.6']
motif357	['Ornament:HNRNPA1_7mer_logoM022', 'Attract:HNRNPA1_M022_0.6', 'Ray2013:RNCMPT00022_HNRNPA1', 'CISBP:HNRNPA1_HNRNPA3_ENSG00000215492_ENSG00000231942_M022_0.6']
motif358	['Ornament:EWSR1_7mer_logo0']
motif359	['Ornament:G3BP2_7mer_logoM021', 'Attract:G3BP2_M021_0.6', 'Ray2013:RNCMPT00021_G3BP2', 'CISBP:G3BP2_M021_0.6']
motif360	['Ornament:FXR2_7mer_logoM020', 'Attract:FXR2_M020_0.6', 'Ray2013:RNCMPT00020_FXR2', 'CISBP:FXR2_M020_0.6']
motif361	['Ornament:Fusip1_7mer_logoM088', 'Attract:SRSF10_M088_0.6', 'Ray2013:RNCMPT00090_SRSF10', 'CISBP:Fusip1_M088_0.6']
motif362	['Ornament:Fusip1_7mer_logoM087', 'Attract:SRSF10_M087_0.6', 'Ray2013:RNCMPT00089_SRSF10', 'CISBP:Fusip1_M087_0.6']
motif363	['Ornament:Fusip1_7mer_logoM086', 'Attract:SRSF10_M086_0.6', 'Ray2013:RNCMPT00088_SRSF10', 'CISBP:Fusip1_M086_0.6']
motif364	['Ornament:Fusip1_7mer_logoM019', 'Attract:SRSF10_M019_0.6', 'Ray2013:RNCMPT00019_SRSF10', 'CISBP:SRSF12_Fusip1_BX511012.1_M019_0.6']
motif365	['Ornament:FUSCONSTRUCT_7mer_logoM018', 'Ray2013:RNCMPT00018_FUS']
motif366	['Ornament:FUBP1_7mer_logo2']
motif367	['Ornament:A1CF_7mer_logo3']
motif368	['Ornament:Fmr1_7mer_logoM015']
motif369	['Ornament:FMR1_7mer_logoM016', 'Attract:FMR1_M016_0.6', 'Ray2013:RNCMPT00016_FMR1', 'CISBP:FMR1_M016_0.6']
motif370	['Ornament:ESRP2_7mer_logoM141', 'Attract:ESRP2_M141_0.6', 'Ray2013:RNCMPT00150_ESRP2', 'CISBP:ESRP2_ESRP1_M141_0.6']
motif371	['Ornament:ENSXETG00000018075_7mer_logoM236', 'CISBP:SYNCRIP_M236_0.6']
motif372	['Ornament:FUBP1_7mer_logo0']
motif373	['Ornament:ENSGALG00000014267_7mer_logoM234', 'CISBP:RBM47_M234_0.6']
motif374	['Ornament:ENSGALG00000000814_7mer_logoM242', 'CISBP:HNRNPR_M242_0.6']
motif375	['Ornament:ENOX1_7mer_logoM140', 'Attract:ENOX1_M140_0.6', 'Ray2013:RNCMPT00149_ENOX1', 'CISBP:ENOX1_ENOX2_M140_0.6']
motif376	['Ornament:ELAVL1_7mer_logoM232', 'Attract:ELAVL1_M232_0.6', 'Ray2013:RNCMPT00274_HuR', 'CISBP:ELAVL1_M232_0.6']
motif377	['Ornament:ELAVL1_7mer_logoM127', 'Attract:ELAVL1_M127_0.6', 'Ray2013:RNCMPT00136_HuR', 'CISBP:ELAVL1_M127_0.6']
motif378	['Ornament:ELAVL1_7mer_logoM112', 'Attract:ELAVL1_M112_0.6', 'Ray2013:RNCMPT00117_HuR', 'CISBP:ELAVL1_M112_0.6']
motif379	['Ornament:ELAVL1_7mer_logoM108', 'Attract:ELAVL1_M108_0.6', 'Ray2013:RNCMPT00112_HuR', 'CISBP:ELAVL1_M108_0.6']
motif380	['Ornament:ELAVL1_7mer_logoM031', 'Attract:ELAVL1_M031_0.6', 'Ray2013:RNCMPT00032_HuR', 'CISBP:ELAVL1_M031_0.6']
motif381	['Ornament:FUBP1_7mer_logo1']
motif382	['Ornament:EIF4B_7mer_logoM291', 'CISBP:EIF4B_M291_0.6']
motif383	['Ornament:EIF4B_7mer_logoM290', 'CISBP:EIF4B_M290_0.6']
motif384	['Ornament:eIF2alpha_7mer_logoM231', 'CISBP:EIF2S1_M231_0.6']
motif385	['Ornament:DAZAP1_7mer_logoM013', 'Attract:DAZAP1_M013_0.6', 'Ray2013:RNCMPT00013_DAZAP1', 'CISBP:DAZAP1_M013_0.6']
motif386	['Ornament:CPEB4_7mer_logoM149', 'Attract:CPEB4_M149_0.6', 'Ray2013:RNCMPT00158_CPEB4', 'CISBP:CPEB3_CPEB4_M149_0.6']
motif387	['Ornament:FUBP3_7mer_logo0']
motif388	['Ornament:CPEB2_7mer_logoM012', 'Attract:CPEB2_M012_0.6', 'Ray2013:RNCMPT00012_CPEB2', 'CISBP:CPEB2_M012_0.6']
motif389	['Ornament:CNOT4_7mer_logoM147', 'Attract:CNOT4_M147_0.6', 'Ray2013:RNCMPT00156_CNOT4', 'CISBP:CNOT4_M147_0.6']
motif390	['Ornament:Cnot4_7mer_logoM008']
motif391	['Ornament:FUBP3_7mer_logo1']
motif392	['Ornament:BRUNOL6_7mer_logoM178', 'Attract:CELF6_M178_0.6', 'Ray2013:RNCMPT00187_BRUNOL6', 'CISBP:BRUNOL6_M178_0.6']
motif393	['Ornament:BRUNOL5_7mer_logoM157', 'Attract:CELF5_M157_0.6', 'Ray2013:RNCMPT00166_BRUNOL5', 'CISBP:CELF3_BRUNOL5_M157_0.6']
motif394	['Ornament:BRUNOL4_7mer_logoM004', 'Attract:CELF4_M004_0.6', 'Ray2013:RNCMPT00004_BRUNOL4', 'CISBP:BRUNOL4_M004_0.6']
motif395	['Ornament:B52_7mer_logoM126', 'CISBP:SRSF4_SRSF6_M126_0.6']
motif396	['Ornament:ANKHD1_7mer_logoM002', 'Attract:ANKHD1_M002_0.6', 'Ray2013:RNCMPT00002_ANKHD1', 'CISBP:ANKHD1_ANKRD17_ENSG00000249536_M002_0.6']
motif397	['Ornament:FUS_7mer_logo0']
motif398	['Ornament:A2BP1_7mer_logoM159', 'Attract:RBFOX1_M159_0.6', 'Ray2013:RNCMPT00168_RBFOX1', 'CISBP:A2BP1_RBFOX2_RBFOX3_M159_0.6']
motif399	['Ornament:A1CF_7mer_logoM001', 'Attract:A1CF_M001_0.6', 'Ray2013:RNCMPT00001_A1CF', 'CISBP:A1CF_M001_0.6']
motif400	['Ornament:A1CF_7mer_logo0']
motif401	['Attract:HNRNPH2_904', 'Attract:HNRNPH1_868', 'Attract:HNRNPH3_956', 'Attract:HNRNPF_802', 'Attract:HNRNPH1_851', 'Attract:HNRNPH3_968', 'Attract:HNRNPF_824', 'Attract:HNRNPH2_922', 'Attract:HNRNPH1_873']
motif402	['Attract:HNRNPDL_s36']
motif403	['Attract:ZFP36_M269_0.6']
motif404	['Attract:HNRNPA2B1_705', 'Attract:HNRNPA1_183', 'Attract:HNRNPA2B1_708', 'Attract:HNRNPA2B1_125', 'Attract:HNRNPA1_52', 'Attract:HNRNPA3_123']
motif405	['Attract:SRSF1_1227', 'Attract:SRSF7_589', 'Attract:SRSF1_1215', 'Attract:SRSF2_1178', 'Attract:SRSF7_1360', 'Attract:SRSF2_1352', 'Attract:SRSF1_1389']
motif406	['Attract:RBM5_1149', 'Attract:HNRNPK_1035', 'Attract:HNRNPU_1068', 'Attract:PTBP1_1017', 'Attract:DAZAP1_595', 'Attract:HNRNPH2_935', 'Attract:PCBP1_764', 'Attract:PCBP2_790', 'Attract:HNRNPF_822', 'Attract:FUS_1060', 'Attract:HNRNPK_1037', 'Attract:FUS_1059', 'Attract:HNRNPF_821', 'Attract:HNRNPH1_883', 'Attract:NOVA2_s96', 'Attract:HNRNPH2_936', 'Attract:HNRNPM_1055', 'Attract:FMR1_604', 'Attract:FMR1_606', 'Attract:PCBP2_796', 'Attract:PCBP1_762', 'Attract:FMR1_608', 'Attract:FMR1_610', 'Attract:PCBP1_770', 'Attract:HNRNPC_727', 'Attract:HNRNPU_1073', 'Attract:HNRNPH1_884', 'Attract:HNRNPU_1072', 'Attract:NOVA1_1128', 'Attract:HNRNPH3_976', 'Attract:HNRNPK_1042', 'Attract:HNRNPH3_977', 'Attract:HNRNPC_722']
motif407	['Ornament:HNRNPA0_7mer_logo3']
motif408	['Attract:SRSF7_s82']
motif409	['Attract:SRSF1_1241', 'Attract:SRSF1_17']
motif410	['Attract:PUM1_406', 'Attract:PUM2_361']
motif411	['Attract:CELF1_s87', 'Attract:TARDBP_1281']
motif412	['Attract:HNRNPA1_690', 'Attract:HNRNPA1_678']
motif413	['Attract:HNRNPH1_885', 'Attract:HNRNPH3_962', 'Attract:HNRNPF_833', 'Attract:HNRNPF_823', 'Attract:HNRNPH1_897', 'Attract:HNRNPH2_912', 'Attract:HNRNPH2_949', 'Attract:HNRNPH3_978', 'Attract:HNRNPH1_858', 'Attract:HNRNPH2_937', 'Attract:HNRNPH1_857', 'Attract:HNRNPF_806', 'Attract:HNRNPH3_983', 'Attract:HNRNPH2_911', 'Attract:HNRNPH3_963']
motif414	['Attract:SRSF2_1183', 'Attract:SRSF1_1233']
motif415	['Attract:HNRNPA0_638', 'Attract:HNRNPD_743', 'Attract:DAZAP1_599', 'Attract:HNRNPA1_696', 'Attract:HNRNPDL_747', 'Attract:HNRNPA2B1_711']
motif416	['Attract:ELAVL1_1103', 'Attract:HNRNPA1_665', 'Attract:HNRNPA0_635', 'Attract:HNRNPC_712', 'Attract:ELAVL3_85', 'Attract:HNRNPA1_654', 'Attract:HNRNPD_739', 'Attract:ZFP36_38']
motif417	['Attract:ELAVL3_47']
motif418	['Ornament:HNRNPA0_7mer_logo2']
motif419	['Attract:HNRNPH3_984', 'Attract:HNRNPF_834', 'Attract:HNRNPF_808', 'Attract:HNRNPH2_950', 'Attract:HNRNPH2_914', 'Attract:HNRNPH1_898', 'Attract:HNRNPH1_860']
motif420	['Attract:HNRNPA1_M271_0.6']
motif421	['Attract:HNRNPA0_637', 'Attract:HNRNPA2B1_710', 'Attract:HNRNPA1_695', 'Attract:HNRNPDL_746', 'Attract:HNRNPD_742', 'Attract:DAZAP1_598']
motif422	['Attract:MBNL1_M320_0.6']
motif423	['Attract:TRA2B_530', 'Attract:HNRNPA2B1_698', 'Attract:DAZAP1_593', 'Attract:HNRNPA1_661', 'Attract:YBX1_1292']
motif424	['Attract:FMR1_611', 'Attract:HNRNPU_1069', 'Attract:HNRNPU_1074', 'Attract:FUS_1061', 'Attract:DDX19B_332', 'Attract:FMR1_605', 'Attract:U2AF2_465', 'Attract:PTBP1_1018', 'Attract:ELAVL4_1096', 'Attract:HNRNPC_726', 'Attract:ELAVL1_1108', 'Attract:NOVA2_s95', 'Attract:SFPQ_1135', 'Attract:KHDRBS3_1243', 'Attract:PCBP1_772', 'Attract:DAZAP1_596', 'Attract:HNRNPA1_683', 'Attract:PCBP1_765', 'Attract:ELAVL4_1098', 'Attract:PTBP1_1015', 'Attract:KHDRBS1_1158', 'Attract:SYNCRIP_1065', 'Attract:HNRNPC_725', 'Attract:HNRNPC_720', 'Attract:ELAVL3_1094', 'Attract:SYNCRIP_1063', 'Attract:ELAVL1_1106', 'Attract:HNRNPA1_686', 'Attract:KHDRBS2_1242', 'Attract:PCBP1_775', 'Attract:HNRNPC_721', 'Attract:KHDRBS1_1159', 'Attract:NOVA1_1129', 'Attract:FMR1_609', 'Attract:PCBP2_798', 'Attract:HNRNPK_1039']
motif425	['Attract:SRSF1_1218', 'Attract:HNRNPC_729']
motif426	['Attract:HNRNPM_1056']
motif427	['Attract:TIAL1_s66']
motif428	['Attract:HNRNPH1_888', 'Attract:HNRNPH2_940']
motif429	['Ornament:HNRNPA0_7mer_logo1']
motif430	['Attract:HNRNPH1_880', 'Attract:HNRNPH2_918', 'Attract:HNRNPH2_932', 'Attract:HNRNPH1_864', 'Attract:HNRNPF_812']
motif431	['Attract:NOVA1_64']
motif432	['Attract:KHSRP_1116', 'Attract:HNRNPH2_923', 'Attract:HNRNPH1_874', 'Attract:KHSRP_184', 'Attract:HNRNPH1_869', 'Attract:HNRNPH3_969']
motif433	['Attract:HNRNPA1_660']
motif434	['Attract:HNRNPH1_901', 'Attract:HNRNPH3_987', 'Attract:HNRNPF_837', 'Attract:HNRNPH2_953']
motif435	['Attract:TARDBP_144', 'Attract:TARDBP_1280', 'Attract:TARDBP_178', 'Attract:TARDBP_1283']
motif436	['Attract:ELAVL2_96']
motif437	['Attract:HNRNPLL_1053']
motif438	['Attract:PCBP1_769', 'Attract:RBM5_1150', 'Attract:HNRNPK_1041', 'Attract:PCBP2_797', 'Attract:HNRNPK_1036', 'Attract:PCBP1_763', 'Attract:HNRNPK_1045', 'Attract:HNRNPU_1071', 'Attract:HNRNPK_1034', 'Attract:PCBP1_774', 'Attract:PCBP1_773', 'Attract:HNRNPK_1026', 'Attract:HNRNPK_1040', 'Attract:PTBP1_1016', 'Attract:NOVA1_1127', 'Attract:PCBP2_791', 'Attract:PCBP2_795', 'Attract:HNRNPK_1044', 'Attract:HNRNPA1_684', 'Attract:PCBP1_776', 'Attract:ELAVL1_1107', 'Attract:HNRNPK_1043']
motif439	['Attract:HNRNPH1_854', 'Attract:HNRNPH1_893', 'Attract:HNRNPH2_945', 'Attract:HNRNPF_829', 'Attract:HNRNPH3_990', 'Attract:HNRNPH3_959', 'Attract:HNRNPH2_908']
motif440	['Ornament:HNRNPA0_7mer_logo0']
motif441	['Attract:SRSF2_1181', 'Attract:SRSF1_1231']
motif442	['Attract:CSTF2_112']
motif443	['Attract:HNRNPF_811', 'Attract:HNRNPH2_909', 'Attract:HNRNPH1_855', 'Attract:HNRNPH2_917', 'Attract:HNRNPH2_919', 'Attract:HNRNPH1_863', 'Attract:HNRNPH3_960', 'Attract:HNRNPF_826', 'Attract:HNRNPH3_965', 'Attract:HNRNPH1_865']
motif444	['Attract:SRSF1_1221', 'Attract:HNRNPC_732']
motif445	['Attract:SRSF1_s49']
motif446	['Attract:SRSF1_1229', 'Attract:HNRNPH1_876', 'Attract:HNRNPA1_664', 'Attract:HNRNPH2_928', 'Attract:HNRNPH3_972', 'Attract:HNRNPF_817']
motif447	['Attract:KHSRP_1113', 'Attract:RBFOX2_141', 'Attract:RBFOX2_630', 'Attract:RBFOX2_627', 'Attract:RBFOX1_620', 'Attract:RBFOX1_617', 'Attract:RBFOX2_631', 'Attract:RBFOX2_625', 'Attract:RBFOX1_613', 'Attract:RBFOX1_616']
motif448	['Attract:HNRNPH3_974', 'Attract:HNRNPF_819', 'Attract:HNRNPH1_878', 'Attract:HNRNPH2_930']
motif449	['Attract:SRSF6_1272']
motif450	['Attract:SRSF3_s39']
motif451	['Ornament:HNRNPA2B1_7mer_logo1']
motif452	['Ornament:A1CF_7mer_logo4']
motif453	['Attract:PCBP2_780', 'Attract:PCBP1_750']
motif454	['Attract:SRSF1_1234']
motif455	['Attract:CMTR1_427', 'Attract:YBX1_1294', 'Attract:SRSF3_1254']
motif456	['Attract:CELF1_s85', 'Attract:CELF1_425', 'Attract:TARDBP_1279']
motif457	['Attract:RBMX_842']
motif458	['Attract:KHSRP_175']
motif459	['Attract:HNRNPH3_967', 'Attract:HNRNPH1_862', 'Attract:HNRNPH1_867', 'Attract:HNRNPH2_921', 'Attract:HNRNPH2_916', 'Attract:HNRNPF_827', 'Attract:HNRNPF_810']
motif460	['Attract:PTBP1_998', 'Attract:PTBP1_1398']
motif461	['Attract:ZRANB2_1302']
motif462	['Attract:HNRNPH2_920', 'Attract:HNRNPF_835', 'Attract:HNRNPH2_951', 'Attract:HNRNPH2_933', 'Attract:HNRNPH1_866', 'Attract:HNRNPF_820', 'Attract:HNRNPH3_985', 'Attract:HNRNPH1_899', 'Attract:HNRNPH3_966']
motif463	['Ornament:HNRNPA2B1_7mer_logo0']
motif464	['Attract:NXF1_418']
motif465	['Attract:KHDRBS1_1155', 'Attract:EIF4A3_407', 'Attract:DDX19B_554', 'Attract:EIF4A3_432', 'Attract:PPIE_89', 'Attract:EIF4A3_426']
motif466	['Attract:TRA2B_1087', 'Attract:TRA2B_1078', 'Attract:SRSF11_1266']
motif467	['Attract:IGHMBP2_581', 'Attract:SYNCRIP_1062', 'Attract:FMR1_607', 'Attract:SYNCRIP_1064', 'Attract:HNRNPU_1067', 'Attract:ELAVL4_1099', 'Attract:HNRNPD_740', 'Attract:PABPC1_452', 'Attract:DAZAP1_594', 'Attract:HNRNPK_1038', 'Attract:FUS_1058', 'Attract:HNRNPU_1070', 'Attract:HNRNPA1_685', 'Attract:RBM5_1151', 'Attract:PABPC1_480', 'Attract:PCBP1_771', 'Attract:SYNCRIP_1066']
motif468	['Attract:TIAL1_s7']
motif469	['Attract:PTBP1_51', 'Attract:PTBP1_31']
motif470	['Attract:YBX1_s54']
motif471	['Attract:SRSF1_M106_0.6', 'Ray2013:RNCMPT00110_SRSF1', 'CISBP:SRSF1_M106_0.6']
motif472	['Attract:SNRPB2_504']
motif473	['Attract:HNRNPH2_913', 'Attract:HNRNPH3_955', 'Attract:HNRNPH3_980', 'Attract:HNRNPH1_850', 'Attract:HNRNPH2_946', 'Attract:HNRNPH3_964', 'Attract:HNRNPH1_894', 'Attract:HNRNPF_830', 'Attract:HNRNPH2_903', 'Attract:HNRNPF_807', 'Attract:HNRNPF_801', 'Attract:HNRNPH1_859']
motif474	['Ornament:HNRNPC_7mer_logo0']
motif475	['Attract:DDX58_473']
motif476	['Attract:SRSF10_163', 'Attract:SRSF10_1260']
motif477	['Attract:HNRNPA1_692']
motif478	['Attract:ELAVL1_367', 'Attract:SSB_521']
motif479	['Attract:PUM1_533', 'Attract:PUM2_503']
motif480	['Attract:SRSF1_1211']
motif481	['Attract:SRSF2_1168']
motif482	['Attract:SRSF7_590']
motif483	['Attract:HNRNPA1_679', 'Attract:HNRNPA1_681', 'Attract:HNRNPA1_642', 'Attract:HNRNPA1_689', 'Attract:HNRNPA1_680', 'Attract:HNRNPA1_682']
motif484	['Attract:CELF2_s4']
motif485	['Ornament:HNRNPCL1_7mer_logo1']
motif486	['Attract:HNRNPH1_892', 'Attract:HNRNPH3_989', 'Attract:HNRNPF_828', 'Attract:HNRNPH2_944']
motif487	['Attract:AKAP1_97']
motif488	['Attract:HNRNPH2_938', 'Attract:HNRNPH3_979', 'Attract:HNRNPH1_886']
motif489	['Attract:HNRNPF_840', 'Attract:HNRNPF_839', 'Attract:ESRP1_601']
motif490	['Attract:FUS_M316_0.6']
motif491	['Attract:YBX1_1296']
motif492	['Attract:NOVA1_1131']
motif493	['Attract:EIF4B_M290_0.6']
motif494	['Attract:SRSF2_439']
motif495	['Attract:SRP54_566', 'Attract:SRP68_493', 'Attract:SRP19_402']
motif496	['Ornament:HNRNPCL1_7mer_logo0']
motif497	['Attract:AGO1_359']
motif498	['Attract:PUM2_514', 'Attract:PUM1_337']
motif499	['Attract:SRSF7_585']
motif500	['Attract:SRSF1_1216']
motif501	['Attract:HNRNPA1_653']
motif502	['Attract:HNRNPA1_644']
motif503	['Attract:MBNL1_M320_0.6a']
motif504	['Attract:HNRNPH1_131', 'Attract:HNRNPF_171', 'Attract:GRSF1_46', 'Attract:HNRNPH2_142', 'Attract:HNRNPH3_182']
motif505	['Attract:PUM1_389']
motif506	['Attract:G3BP1_33']
motif507	['Ornament:HNRNPD_7mer_logo2']
motif508	['Attract:HNRNPH1_872', 'Attract:HNRNPH2_926', 'Attract:HNRNPF_815', 'Attract:HNRNPH3_970']
motif509	['Attract:SRSF7_591', 'Attract:SRSF3_1246']
motif510	['Attract:NONO_185']
motif511	['Attract:SF1_1191', 'Attract:SF1_1199']
motif512	['Attract:ELAVL1_1105', 'Attract:ZFP36L2_428', 'Attract:ZFP36L2_15', 'Attract:ZFP36_109']
motif513	['Attract:NXF1_454']
motif514	['Attract:PCBP2_788', 'Attract:PCBP1_758']
motif515	['Attract:SRSF1_M272_0.6']
motif516	['Attract:PCBP1_755', 'Attract:PCBP2_785']
motif517	['Attract:HNRNPF_805']
motif518	['Ornament:HNRNPD_7mer_logo1']
motif519	['Attract:PTBP1_1013', 'Attract:PTBP1_1012']
motif520	['Attract:MBNL1_s30']
motif521	['Attract:SRSF2_1179', 'Attract:HNRNPA1_663', 'Attract:HNRNPH2_927', 'Attract:HNRNPF_816', 'Attract:HNRNPH3_971', 'Attract:HNRNPH1_875']
motif522	['Attract:TRA2B_1079']
motif523	['Attract:SRSF1_M273_0.6']
motif524	['Attract:PPIE_45']
motif525	['Attract:ELAVL1_1104', 'Attract:HNRNPC_723', 'Attract:U2AF2_461', 'Attract:HNRNPC_724']
motif526	['Attract:HNRNPA1_652']
motif527	['Attract:RC3H1_531']
motif528	['Attract:FMR1_78']
motif529	['Ornament:HNRNPD_7mer_logo0']
motif530	['Attract:HNRNPK_s16']
motif531	['Attract:PUM1_137']
motif532	['Attract:HNRNPH1_852', 'Attract:HNRNPH2_905', 'Attract:HNRNPH3_957']
motif533	['Attract:SRSF3_1249']
motif534	['Attract:SRSF2_s53']
motif535	['Attract:SRSF1_s51']
motif536	['Attract:KHSRP_1114']
motif537	['Attract:HNRNPH2_929', 'Attract:HNRNPH1_877', 'Attract:HNRNPH3_961', 'Attract:HNRNPH3_973', 'Attract:HNRNPF_818', 'Attract:HNRNPF_825', 'Attract:HNRNPH1_856', 'Attract:HNRNPH2_910']
motif538	['Attract:PTBP1_1014', 'Attract:PTBP1_s80']
motif539	['Attract:SRSF2_1160']
motif540	['Ornament:HNRNPDL_7mer_logo1']
motif541	['Attract:KHSRP_12', 'Attract:SRSF2_1363', 'Attract:HNRNPA1_1366']
motif542	['Attract:HNRNPH2_947', 'Attract:HNRNPF_831', 'Attract:HNRNPH3_981', 'Attract:HNRNPH1_895']
motif543	['Attract:PTBP1_1009', 'Attract:PTBP1_1024', 'Attract:PTBP1_25']
motif544	['Attract:HNRNPH1_900', 'Attract:HNRNPH3_986', 'Attract:HNRNPF_836', 'Attract:HNRNPH2_952']
motif545	['Attract:HNRNPK_1031', 'Attract:HNRNPK_121', 'Attract:PCBP1_760']
motif546	['Attract:SRSF6_1268']
motif547	['Attract:PTBP2_1134', 'Attract:PTBP1_1004', 'Attract:PTBP1_1008', 'Attract:PTBP1_1006', 'Attract:PTBP1_133', 'Attract:PTBP1_1025', 'Attract:PTBP1_380']
motif548	['Attract:NOVA2_M325_0.6']
motif549	['Attract:HNRNPK_s14']
motif550	['Attract:HNRNPA1_647', 'Attract:HNRNPA2B1_697', 'Attract:HNRNPA1_640', 'Attract:HNRNPA1_649', 'Attract:SRSF2_1169', 'Attract:HNRNPA1_1346']
motif551	['Ornament:HNRNPDL_7mer_logo0']
motif552	['Attract:SRSF2_s57']
motif553	['Attract:HNRNPH1_882', 'Attract:HNRNPH3_975', 'Attract:HNRNPH2_934']
motif554	['Attract:SF1_1200']
motif555	['Attract:KHDRBS3_s103']
motif556	['Attract:SF1_1195']
motif557	['Attract:TRA2B_s77']
motif558	['Attract:HNRNPH2_915', 'Attract:HNRNPF_809', 'Attract:HNRNPH1_861']
motif559	['Attract:ZFP36_155']
motif560	['Attract:ZNF346_481']
motif561	['Attract:HNRNPA1_43']
motif562	['Ornament:HNRNPF_7mer_logo2']
motif563	['Ornament:BOLL_7mer_logo0']
motif564	['Attract:SFPQ_s70']
motif565	['Attract:PTBP1_8']
motif566	['Attract:HNRNPDL_s79']
motif567	['Attract:HNRNPK_s61']
motif568	['Attract:HNRNPF_838', 'Attract:HNRNPH1_902', 'Attract:HNRNPH2_954', 'Attract:HNRNPH3_988']
motif569	['Attract:YBX1_1290']
motif570	['Attract:LIN28A_506']
motif571	['Attract:HNRNPA2B1_706']
motif572	['Attract:TIA1_1284', 'Attract:ELAVL2_1093', 'Attract:ELAVL4_1095', 'Attract:TIAL1_1287']
motif573	['Attract:TRA2B_368']
motif574	['Ornament:HNRNPF_7mer_logo1']
motif575	['Attract:PCBP2_789', 'Attract:PCBP1_759']
motif576	['Attract:TIA1_s67']
motif577	['Attract:PUM1_82']
motif578	['Attract:PCBP1_754', 'Attract:PCBP2_784']
motif579	['Attract:ZFP36_138']
motif580	['Attract:PTBP1_s12']
motif581	['Attract:KHDRBS1_1157', 'Attract:CPEB1_333']
motif582	['Attract:YBX1_s99']
motif583	['Attract:SRSF9_s97']
motif584	['Attract:PUM1_339']
motif585	['Ornament:HNRNPF_7mer_logo0']
motif586	['Attract:ZFP36_49']
motif587	['Attract:NELFE_21']
motif588	['Attract:ERI1_517']
motif589	['Attract:YBX1_1293']
motif590	['Attract:SRSF4_1274', 'Attract:SRSF5_1263', 'Attract:SRSF1_1213', 'Attract:SRSF6_1267', 'Attract:SRSF6_1392', 'Attract:SRSF1_1390', 'Attract:SRSF5_1355']
motif591	['Attract:HNRNPK_1029']
motif592	['Attract:CELF1_542', 'Attract:CELF2_365']
motif593	['Attract:PCBP2_794', 'Attract:HNRNPD_744', 'Attract:HNRNPD_737', 'Attract:PCBP1_768']
motif594	['Attract:CELF1_s90']
motif595	['Attract:KHDRBS1_s34']
motif596	['Ornament:HNRNPH2_7mer_logo1']
motif597	['Attract:PUM1_484']
motif598	['Attract:IGHMBP2_327', 'Attract:PABPC1_416']
motif599	['Attract:HNRNPK_s62']
motif600	['Attract:CELF2_603', 'Attract:CELF1_522']
motif601	['Attract:SRSF2_1173']
motif602	['Attract:QKI_104']
motif603	['Attract:MBNL1_1123']
motif604	['Attract:HNRNPAB_76', 'Attract:SRSF10_s98']
motif605	['Attract:PPIE_75']
motif606	['Attract:HNRNPA1_651']
motif607	['Ornament:HNRNPH2_7mer_logo0']
motif608	['Attract:SRSF2_1174', 'Attract:SRSF6_1270', 'Attract:SRSF4_1275', 'Attract:SRSF1_1225', 'Attract:SRSF5_1265']
motif609	['Attract:DAZAP1_600']
motif610	['Attract:NXF1_572']
motif611	['Attract:SF1_1203', 'Attract:SF1_1192']
motif612	['Attract:HNRNPF_814', 'Attract:HNRNPH2_925', 'Attract:HNRNPH1_871']
motif613	['Attract:TRA2B_1082', 'Attract:TRA2B_1309']
motif614	['Attract:CSTF2_60']
motif615	['Attract:TARDBP_1282', 'Attract:CELF1_s89']
motif616	['Attract:HNRNPD_736', 'Attract:PCBP2_793', 'Attract:PCBP1_767']
motif617	['Attract:HNRNPH1_887', 'Attract:HNRNPH2_939']
motif618	['Ornament:HNRNPK_7mer_logo2']
motif619	['Attract:ZNF346_388']
motif620	['Attract:SRSF2_1165']
motif621	['Attract:PTBP1_11']
motif622	['Attract:SRP19_471', 'Attract:SRP54_510', 'Attract:SRP68_501']
motif623	['Attract:SF1_1202', 'Attract:SF1_1184']
motif624	['Attract:KHSRP_67']
motif625	['Attract:SF1_1194']
motif626	['Attract:SF1_1209', 'Attract:QKI_1141']
motif627	['Attract:CELF1_s84', 'Attract:NOVA1_1132', 'Attract:CELF2_602']
motif628	['Attract:PTBP1_1002', 'Attract:RBM4_1146']
motif629	['Ornament:HNRNPK_7mer_logo3']
motif630	['Attract:RBM5_1153']
motif631	['Attract:NUDT21_420', 'Attract:NUDT21_575']
motif632	['Attract:PHAX_472']
motif633	['Attract:SRSF1_126']
motif634	['Attract:PTBP1_539', 'Attract:PTBP1_117', 'Attract:PTBP1_1021']
motif635	['Attract:TRA2B_s76']
motif636	['Attract:ELAVL1_161', 'Attract:ELAVL4_1100']
motif637	['Attract:HNRNPL_1052', 'Attract:HNRNPLL_1054']
motif638	['Attract:CPEB4_345']
motif639	['Attract:QKI_1139']
motif640	['Ornament:HNRNPK_7mer_logo1']
motif641	['Attract:PUM1_74']
motif642	['Attract:HNRNPA2B1_702', 'Attract:HNRNPA1_677']
motif643	['Attract:SF1_1204']
motif644	['Attract:HNRNPH2_942', 'Attract:HNRNPH1_890']
motif645	['Attract:TIA1_s11']
motif646	['Attract:HNRNPH2_907']
motif647	['Attract:ZRANB2_s20']
motif648	['Attract:HNRNPH2_931', 'Attract:HNRNPH1_879']
motif649	['Attract:SRSF7_M331_0.6']
motif650	['Attract:HNRNPA2B1_703']
motif651	['Ornament:HNRNPK_7mer_logo0']
motif652	['Attract:FMR1_450']
motif653	['Attract:HNRNPA2B1_699', 'Attract:HNRNPA1_662', 'Attract:HNRNPA1_1358']
motif654	['Attract:PTBP1_165']
motif655	['Attract:TRA2B_1084', 'Attract:SRSF1_40']
motif656	['Attract:PCBP1_756', 'Attract:PCBP2_786']
motif657	['Attract:HNRNPA1_657']
motif658	['Attract:NOVA1_s27', 'Attract:NOVA2_s28']
motif659	['Attract:SRSF2_s59']
motif660	['Attract:SF1_1205']
motif661	['Attract:RBM25_1144']
motif662	['Ornament:HNRNPL_7mer_logo1']
motif663	['Attract:NOVA1_s94']
motif664	['Attract:PCBP2_334']
motif665	['Attract:RBMX_845']
motif666	['Attract:HNRNPA1_646']
motif667	['Attract:SRP68_573']
motif668	['Attract:PCBP2_800', 'Attract:PCBP2_156']
motif669	['Attract:SRSF3_1247']
motif670	['Attract:SFPQ_s71']
motif671	['Attract:SRSF1_s48']
motif672	['Attract:NOVA2_492']
motif673	['Ornament:HNRNPL_7mer_logo0']
motif674	['Ornament:BOLL_7mer_logo1']
motif675	['Attract:TRA2B_1076', 'Attract:TRA2B_1315']
motif676	['Attract:HNRNPL_s38']
motif677	['Attract:TIAL1_s6']
motif678	['Attract:NELFE_122']
motif679	['Attract:SRSF2_1172']
motif680	['Attract:SRSF2_s58']
motif681	['Attract:IFIH1_400']
motif682	['Attract:SRP54_456', 'Attract:SRP68_363', 'Attract:SRP19_547']
motif683	['Attract:SRSF2_s52']
motif684	['Attract:SF1_1210', 'Attract:QKI_1142']
motif685	['Ornament:IGF2BP1_7mer_logo2']
motif686	['Attract:HNRNPH2_943', 'Attract:SRSF9_1256', 'Attract:SRSF2_1162', 'Attract:HNRNPH1_891']
motif687	['Attract:SF1_1186', 'Attract:SF1_1197', 'Attract:SF1_1196', 'Attract:SF1_1207']
motif688	['Attract:IFIH1_546']
motif689	['Attract:HNRNPA1_659']
motif690	['Attract:TIAL1_s63']
motif691	['Attract:HNRNPA1_643']
motif692	['Attract:HNRNPF_803']
motif693	['Attract:SRSF10_1262']
motif694	['Attract:ELAVL1_512', 'Attract:SSB_548', 'Attract:ELAVL4_424']
motif695	['Attract:ZRANB2_1300']
motif696	['Ornament:IGF2BP1_7mer_logo1']
motif697	['Attract:SRSF2_1161']
motif698	['Attract:HNRNPH1_889', 'Attract:HNRNPH2_941']
motif699	['Attract:SRSF2_1164']
motif700	['Attract:PTBP1_1001', 'Attract:PTBP1_999']
motif701	['Attract:IFIH1_391']
motif702	['Attract:SSB_58']
motif703	['Attract:ELAVL4_353']
motif704	['Attract:RBM5_1148']
motif705	['Attract:PTBP1_991']
motif706	['Attract:SFPQ_1136', 'Attract:TRA2B_1090', 'Attract:SRSF1_1326']
motif707	['Ornament:IGF2BP1_7mer_logo0']
motif708	['Attract:SRSF3_1251']
motif709	['Attract:KHDRBS1_1156']
motif710	['Attract:SF1_1198']
motif711	['Attract:KHSRP_81']
motif712	['Attract:HNRNPH1_870', 'Attract:HNRNPH2_924', 'Attract:HNRNPF_813']
motif713	['Attract:SNRPA_M346_0.6']
motif714	['Attract:TIA1_s68']
motif715	['Attract:SRSF2_1182', 'Attract:SRSF1_1232']
motif716	['Attract:HNRNPA1_658']
motif717	['Attract:HNRNPC_731', 'Attract:SRSF1_1220']
motif718	['Ornament:IGF2BP2_7mer_logo3']
motif719	['Attract:SRSF1_M351_0.6']
motif720	['Attract:TARDBP_541']
motif721	['Attract:YBX1_1295']
motif722	['Attract:RBM4_1147', 'Attract:PTBP1_1003']
motif723	['Attract:RBMX_849']
motif724	['Attract:SRSF3_1250']
motif725	['Attract:HNRNPDL_745', 'Attract:DAZAP1_597', 'Attract:HNRNPA0_636', 'Attract:HNRNPA2B1_709', 'Attract:HNRNPA1_694', 'Attract:HNRNPD_741']
motif726	['Attract:SF1_1185']
motif727	['Attract:RBFOX1_335']
motif728	['Attract:TIA1_s10']
motif729	['Ornament:IGF2BP2_7mer_logo2']
motif730	['Attract:SRSF2_s47']
motif731	['Attract:HNRNPA2B1_704']
motif732	['Attract:RBFOX1_612', 'Attract:RBFOX2_622']
motif733	['Attract:SRSF1_1240']
motif734	['Attract:PTBP1_992']
motif735	['Attract:SRSF3_s81', 'Attract:SRSF3_1245']
motif736	['Attract:PTBP1_996']
motif737	['Attract:TRA2B_1077']
motif738	['Attract:NOVA1_1130']
motif739	['Attract:PTBP1_1023', 'Attract:PTBP1_71']
motif740	['Ornament:IGF2BP2_7mer_logo1']
motif741	['Attract:SFPQ_s26']
motif742	['Attract:HNRNPK_1028']
motif743	['Attract:YTHDC1_50']
motif744	['Attract:KHSRP_1119', 'Attract:KHSRP_54']
motif745	['Attract:SRSF2_1163']
motif746	['Attract:SRSF7_s45']
motif747	['Attract:HNRNPA1_656']
motif748	['Attract:TARDBP_1277']
motif749	['Attract:SRSF1_1236']
motif750	['Attract:FMR1_91']
motif751	['Ornament:IGF2BP2_7mer_logo0']
motif752	['Attract:MBNL1_1121']
motif753	['Attract:NOVA1_459']
motif754	['Attract:ADAR_536', 'Attract:DHX9_458']
motif755	['Attract:PCBP2_370']
motif756	['Attract:RBM4_1145']
motif757	['Attract:TIA1_1286']
motif758	['Attract:ELAVL2_s0']
motif759	['Attract:TRA2B_1085']
motif760	['Attract:PCBP2_782', 'Attract:PCBP1_752']
motif761	['Attract:YBX1_124']
motif762	['Ornament:ILF2_7mer_logo2']
motif763	['Attract:KHDRBS1_s33']
motif764	['Attract:SRSF5_s19']
motif765	['Attract:KHSRP_1117']
motif766	['Attract:HNRNPDL_s44']
motif767	['Attract:SRSF9_M333_0.6']
motif768	['Attract:SNRPA_346']
motif769	['Attract:TIA1_1285']
motif770	['Attract:PIWIL1_508']
motif771	['Attract:SRSF1_375']
motif772	['Attract:PTBP1_995']
motif773	['Ornament:ILF2_7mer_logo1']
motif774	['Attract:PTBP1_997']
motif775	['Attract:SRP14_445']
motif776	['Attract:ELAVL1_84', 'Attract:ELAVL4_1102']
motif777	['Attract:RBM5_1154', 'Attract:ZRANB2_1301']
motif778	['Attract:SRSF10_s104']
motif779	['Attract:SRSF2_1177', 'Attract:SRSF7_588', 'Attract:SRSF1_1226', 'Attract:SRSF2_1344', 'Attract:SRSF7_1332']
motif780	['Attract:SRSF5_1264']
motif781	['Attract:SRSF2_1166']
motif782	['Attract:ELAVL2_s3']
motif783	['Attract:SRSF1_s22']
motif784	['Ornament:ILF2_7mer_logo0']
motif785	['Ornament:BOLL_7mer_logo2']
motif786	['Attract:PTBP1_1022', 'Attract:PTBP1_105']
motif787	['Attract:DHX9_435', 'Attract:ADAR_494', 'Attract:DHX58_422']
motif788	['Attract:HNRNPA1_648', 'Attract:SRSF2_1171']
motif789	['Attract:SRSF1_1238']
motif790	['Attract:QKI_352', 'Attract:QKI_3']
motif791	['Attract:FMR1_s18']
motif792	['Attract:HNRNPA1_645']
motif793	['Attract:HNRNPA1_688']
motif794	['Attract:CELF1_s91']
motif795	['Attract:KHSRP_61']
motif796	['Ornament:KHDRBS2_7mer_logo2']
motif797	['Attract:SRSF7_M353_0.6']
motif798	['Attract:PCBP1_93']
motif799	['Attract:ZRANB2_1303']
motif800	['Attract:TRA2B_1086']
motif801	['Attract:SRP68_570', 'Attract:SSB_457']
motif802	['Attract:FXR1_M152_0.6', 'Ray2013:RNCMPT00161_FXR1', 'CISBP:FXR1_M152_0.6']
motif803	['Attract:RBFOX1_M298_0.6']
motif804	['Attract:SF1_1187']
motif805	['Attract:SNRPA_M348_0.6']
motif806	['Attract:PTBP1_994']
motif807	['Ornament:KHDRBS2_7mer_logo1']
motif808	['Attract:SFPQ_s72']
motif809	['Attract:NOVA2_1133']
motif810	['Attract:SRSF1_s50']
motif811	['Attract:SRSF1_1230', 'Attract:SRSF2_1180']
motif812	['Attract:SRSF3_1248']
motif813	['Attract:HNRNPH2_948', 'Attract:HNRNPH3_982', 'Attract:HNRNPH1_896', 'Attract:HNRNPF_832']
motif814	['Attract:PCBP1_751', 'Attract:PCBP2_781']
motif815	['Attract:KHSRP_172']
motif816	['Attract:SRSF3_1244']
motif817	['Attract:HNRNPH1_853', 'Attract:HNRNPH3_958', 'Attract:HNRNPH2_906']
motif818	['Ornament:KHDRBS2_7mer_logo0']
motif819	['Attract:XPO5_469']
motif820	['Attract:PABPC1_M349_0.6']
motif821	['Attract:MBNL1_1122']
motif822	['Attract:TRA2A_1075']
motif823	['Attract:SUPV3L1_330']
motif824	['Attract:HNRNPA2B1_700', 'Attract:HNRNPA1_675', 'Attract:HNRNPAB_1396']
motif825	['Attract:SF1_1188']
motif826	['Attract:ZFP36_128']
motif827	['Attract:CELF1_478']
motif828	['Attract:A1CF_110']
motif829	['Ornament:KHDRBS3_7mer_logo3']
motif830	['Attract:SRSF9_1257']
motif831	['Attract:DDX58_381']
motif832	['Attract:SRSF2_1167', 'Attract:HNRNPA1_639']
motif833	['Attract:SRSF1_1228', 'Attract:SRSF1_1310']
motif834	['Attract:PCBP2_783', 'Attract:PCBP1_753']
motif835	['Attract:ELAVL1_476']
motif836	['Attract:KHSRP_28', 'Attract:KHSRP_1112', 'Attract:KHSRP_1118']
motif837	['Attract:SRSF2_M274_0.6']
motif838	['Attract:CSTF2_19']
motif839	['Attract:AGO1_509']
motif840	['Ornament:KHDRBS3_7mer_logo2']
motif841	['Attract:SF1_120']
motif842	['Attract:SRP14_342']
motif843	['Attract:KHSRP_1111']
motif844	['Attract:TIAL1_s64']
motif845	['Attract:TIAL1_s8']
motif846	['Attract:AGO2_414']
motif847	['Attract:HNRNPA1_674']
motif848	['Attract:MBNL1_1124']
motif849	['Attract:SRSF1_1217']
motif850	['Attract:PUM1_545']
motif851	['Ornament:KHDRBS3_7mer_logo1']
motif852	['Attract:FMR1_s17']
motif853	['Attract:SRP68_347']
motif854	['Attract:ZFP36_M350_0.6']
motif855	['Attract:PPIE_20', 'Attract:PPIE_36']
motif856	['Attract:PCBP1_748', 'Attract:PCBP2_778']
motif857	['Attract:NOVA2_564']
motif858	['Attract:ELAVL1_s101']
motif859	['Attract:NELFE_6']
motif860	['Attract:TIAL1_1288']
motif861	['Attract:TIAL1_s65']
motif862	['Ornament:KHDRBS3_7mer_logo0']
motif863	['Attract:PTBP1_993']
motif864	['Attract:HNRNPK_s15']
motif865	['Attract:ACO1_M256_0.6']
motif866	['Attract:SRSF2_s46']
motif867	['Attract:TRA2B_1091']
motif868	['Attract:KHSRP_1115']
motif869	['Attract:QKI_1138', 'Attract:SF1_1208']
motif870	['Attract:ELAVL4_s93']
motif871	['Attract:SRSF2_1170']
motif872	['Attract:MBNL1_1125']
motif873	['Ornament:KHSRP_7mer_logo1']
motif874	['Attract:SRSF10_1259', 'Attract:SRSF10_147']
motif875	['Attract:NOVA1_440']
motif876	['Attract:SRSF1_167']
motif877	['Attract:HNRNPA2B1_707']
motif878	['Attract:PTBP1_1019', 'Attract:PTBP1_136']
motif879	['Attract:SRSF2_1175']
motif880	['Attract:HNRNPA1_641']
motif881	['Attract:RBMY1A1_M246_0.6']
motif882	['Attract:F2_366']
motif883	['Attract:PCBP1_749', 'Attract:PCBP2_779']
motif884	['Ornament:KHSRP_7mer_logo0']
motif885	['Attract:PUM1_343']
motif886	['Attract:YBX1_1299']
motif887	['Attract:SRSF3_s41']
motif888	['Attract:SFPQ_s25']
motif889	['Attract:SF1_1193', 'Attract:SF1_1201']
motif890	['Attract:TRA2B_1083', 'Attract:TRA2B_1375']
motif891	['Attract:SRP19_540']
motif892	['Attract:DDX58_511']
motif893	['Attract:ZCRB1_M085_0.6', 'Ray2013:RNCMPT00087_ZCRB1', 'CISBP:ZCRB1_M085_0.6']
motif894	['Attract:RBMX_848']
motif895	['Ornament:MBNL1_7mer_logo3']
motif896	['Ornament:BOLL_7mer_logo3']
motif897	['Attract:SNRPA_518']
motif898	['Attract:RBMX_843']
motif899	['Attract:PUM1_569']
motif900	['Attract:SRSF9_1258']
motif901	['Attract:SRSF7_587']
motif902	['Attract:HNRNPA1_655']
motif903	['Attract:NOVA2_s29']
motif904	['Attract:CSTF2_162']
motif905	['Attract:TARDBP_1276']
motif906	['Attract:PUM2_129', 'Attract:PUM1_151', 'Attract:PUM2_116', 'Attract:PUM1_114']
motif907	['Ornament:MBNL1_7mer_logo1']
motif908	['Attract:SRSF3_1253', 'Attract:YBX1_1298']
motif909	['Attract:SFPQ_42']
motif910	['Attract:SRSF7_584', 'Attract:SRSF7_586']
motif911	['Attract:SRP14_344']
motif912	['Attract:TARDBP_M074_0.6', 'Ray2013:RNCMPT00076_TARDBP', 'CISBP:TARDBP_M074_0.6']
motif913	['Attract:KHSRP_13']
motif914	['Attract:RBMX_844']
motif915	['Attract:CELF2_s5']
motif916	['Attract:HNRNPA1_691']
motif917	['Attract:HNRNPA1_687']
motif918	['Ornament:MBNL1_7mer_logo2']
motif919	['Attract:NUDT21_499']
motif920	['Attract:KHSRP_1120']
motif921	['Attract:FUS_s31']
motif922	['Attract:CELF1_436']
motif923	['Attract:PCBP1_757', 'Attract:PCBP2_787']
motif924	['Attract:SNRPA_M345_0.6']
motif925	['Attract:SRSF1_1219', 'Attract:HNRNPC_730']
motif926	['Attract:HNRNPLL_169']
motif927	['Attract:SRSF3_1255']
motif928	['Attract:SRSF2_502']
motif929	['Ornament:MBNL1_7mer_logo0']
motif930	['Attract:PTBP1_143']
motif931	['Attract:SRSF2_s55']
motif932	['Attract:HNRNPA1_676', 'Attract:HNRNPA2B1_701']
motif933	['Attract:SRSF7_M071_0.6', 'Ray2013:RNCMPT00073_SRSF7', 'CISBP:SRSF7_M071_0.6']
motif934	['Attract:PTBP1_1011']
motif935	['Attract:HNRNPF_804']
motif936	['Attract:RBM25_1143']
motif937	['Attract:SF1_1189']
motif938	['Attract:PUM2_107']
motif939	['Attract:PTBP1_1000']
motif940	['Ornament:MSI1_7mer_logo2']
motif941	['Attract:SRSF2_M070_0.6', 'Ray2013:RNCMPT00072_SRSF2', 'CISBP:SRSF2_ENSG00000180771_M070_0.6']
motif942	['Attract:HNRNPL_1046']
motif943	['Attract:RBMX_847']
motif944	['Attract:SRSF2_M332_0.6']
motif945	['Attract:SRSF7_583']
motif946	['Attract:ELAVL2_s2']
motif947	['Attract:RBM4_s102']
motif948	['Attract:SRSF6_1273']
motif949	['Attract:IGF2BP1_M296_0.6']
motif950	['Attract:OAS1_485']
motif951	['Ornament:MSI1_7mer_logo0']
motif952	['Attract:CELF1_s86']
motif953	['Attract:HNRNPC_s13']
motif954	['Attract:SRSF1_1235']
motif955	['Attract:YBX1_1297']
motif956	['Attract:PCBP2_777']
motif957	['Attract:SRSF2_1176']
motif958	['Attract:RBMY1A1_410']
motif959	['Attract:SRSF6_s42']
motif960	['Attract:SF1_495']
motif961	['Attract:HNRNPDL_s35']
motif962	['Ornament:MSI1_7mer_logo1']
motif963	['Attract:PUM1_419']
motif964	['Attract:HNRNPA1_693']
motif965	['Attract:RBFOX1_s92']
motif966	['Attract:QKI_83']
motif967	['Attract:SRSF2_s56']
motif968	['Attract:SFPQ_s69']
motif969	['Attract:TRA2B_1081', 'Attract:TRA2B_1313']
motif970	['Attract:RBM5_1152']
motif971	['Attract:SRSF2_s37']
motif972	['Attract:XPO5_578']
motif973	['Ornament:NOVA1_7mer_logo2']
motif974	['Attract:KHDRBS3_M033_0.6', 'Ray2013:RNCMPT00034_KHDRBS3', 'CISBP:KHDRBS3_M033_0.6']
motif975	['Attract:SRSF6_1271']
motif976	['Attract:ERI1_412']
motif977	['Attract:HNRNPA1_s32']
motif978	['Attract:SF1_1190']
motif979	['Attract:PCBP2_799', 'Attract:PCBP2_166']
motif980	['Attract:ELAVL4_1101', 'Attract:ELAVL1_164']
motif981	['Attract:SRSF1_1237']
motif982	['Attract:PTBP1_59', 'Attract:PTBP1_1020']
motif983	['Attract:HNRNPD_738']
motif984	['Ornament:NOVA1_7mer_logo3']
motif985	['Attract:TIA1_s9']
motif986	['Attract:HNRNPA1_72']
motif987	['Attract:SRSF1_1212', 'Attract:SRSF1_1373']
motif988	['Attract:KHSRP_1109']
motif989	['Attract:IGF2BP3_118']
motif990	['Attract:ELAVL2_s1']
motif991	['Attract:SRSF3_s40']
motif992	['Attract:PABPC1_M275_0.6']
motif993	['Attract:SRP54_408']
motif994	['Attract:SRSF2_M352_0.6']
motif995	['Ornament:NOVA1_7mer_logo1']
motif996	['Attract:OAS1_535']
motif997	['Attract:SFPQ_s24']
motif998	['Attract:HNRNPL_1051']
motif999	['Attract:ELAVL3_119']
motif1000	['Attract:RBMX_526']
motif1001	['Attract:SRSF7_s83']
motif1002	['Attract:SRSF1_1239']
motif1003	['Attract:MBNL1_1126']
motif1004	['Attract:HNRNPC_733', 'Attract:SRSF1_1222']
motif1005	['Attract:SNRPA_M347_0.6']
motif1006	['Ornament:NOVA1_7mer_logo0']
motif1007	['Ornament:CELF1_7mer_logo2']
