ID,Cell Type,HGVS Variant,HEK PSI Rep 1,HEK PSI Rep 2,HEK PSI Rep 3,p_value,FDR,delta_psi,delta_psi_norm,Protein.Change,cDNA.Change,ClinVar.Variation.ID,ClinVar Classification,Outcome
V100,HEK,3-38603662-G-A,51.17,52.25,37.87,0.752672037,0.951695893,2.31,5.17,,c.1890+50C>T,257438,LB,0
V101,HEK,3-38603705-G-A,35.52,55.38,25.5,0.593637729,0.843928231,-5.99,-13.37,,c.1890+7C>T,532172,LB,0
V104,HEK,3-38604025-C-T,41.77,44.37,34.7,0.492162252,0.7569513,-4.51,-10.07,p.Arg526His,c.1577G>A,67668,VUS,0
V105,HEK,3-38604005-G-A,42.36,44.61,40.38,0.693139522,0.908490643,-2.34,-5.22,p.Arg533Cys,c.1597C>T,575108,VUS,0
V106,HEK,3-38604007-A-C,52.75,60.61,42.76,0.372243511,0.619620527,7.25,16.2,p.Phe532Cys,c.1595T>G,67671,VUS,0
V107,HEK,3-38604064-C-G,44.38,63.02,50.43,0.354009903,0.601223313,7.82,17.47,p.Arg513Pro,c.1538G>C,532073,VUS,0
V109,HEK,3-38603944-T-A,37.68,55.42,36.3,0.845985087,1,-1.65,-3.69,p.Glu553Val,c.1658A>T,1047223,VUS,0
V110,HEK,3-38604086-A-G,46.55,58.66,40.25,0.643303258,0.881951973,3.7,8.26,,c.1519-3T>C,,,0
V115,HEK,3-38599058-C-T,55.1,65.69,67.64,0.254395253,0.471168672,6.09,10.74,,c.1891-8G>A,165153,CI,0
V116,HEK,3-38599027-G-A,54.21,54.87,55.61,0.27642935,0.501385648,-1.82,-3.21,p.Gly638Gly,c.1914C>T,426231,CI,0
V118,HEK,3-38598928-G-A,56.18,45.41,59.29,0.544369861,0.808865951,-3.09,-5.45,p.Ser671Ser,c.2013C>T,194288,CI,0
V119,HEK,3-38599055-G-A,60.19,58.41,61.22,0.106445944,0.222184788,3.22,5.68,,c.1891-5C>T,753172,LB_low_MAF,0
V129,HEK,3-38597840-C-T,63.76,70.77,66.75,0.609437743,0.860208183,1.33,2.02,p.Pro717Pro,c.2151G>A,345125,CI,0
V130,HEK,3-38597732-G-A,65.06,73.19,64.63,0.586323804,0.843928231,1.86,2.84,p.Asn753Asn,c.2259C>T,345123,CI,0
V131,HEK,3-38597810-G-A,64.61,69.66,65.39,0.710738142,0.925366987,0.79,1.2,p.Ile727Ile,c.2181C>T,345124,CI,0
V133,HEK,3-38597972-G-A,59.63,70.58,66.29,0.944703476,1,-0.26,-0.4,,c.2024-5C>T,1102108,LB,0
V134,HEK,3-38597723-C-T,63.29,70.23,66.86,0.686154836,0.908490643,1.03,1.57,,c.2262+6G>A,517833,LB_low_MAF,0
V136,HEK,3-38597740-C-T,65.22,73.18,67.36,0.367987677,0.616437956,2.83,4.3,p.Val751Ile,c.2251G>A,923998,VUS,0
V137,HEK,3-38597730-A-T,65.42,72.12,67.58,0.333665233,0.577328659,2.61,3.97,p.Leu754Gln,c.2261T>A,406449,VUS,0
V151,HEK,3-38586046-G-T,50.5,61.67,47.01,0.384934062,0.634696626,-5.62,-9.58,,c.2437-5C>A,139054,CI,0
V152,HEK,3-38585958-C-A,52.36,60.65,47.82,0.38854052,0.634696626,-5.08,-8.65,p.Gly840Gly,c.2520G>T,925221,CI,0
V153,HEK,3-38586048-A-G,56.54,62.1,51.26,0.692997666,0.908490643,-2.05,-3.5,,c.2437-7T>C,560718,CI,0
V154,HEK,3-38585638-G-T,53.35,59.1,53.53,0.475875356,0.743074169,-3.36,-5.72,,c.2787+53C>A,1219723,LB,0
V155,HEK,3-38586044-G-A,49.2,64.01,45.27,0.444241195,0.708093541,-5.86,-9.98,,c.2437-3C>T,921768,LB,0
V164,HEK,3-38579340-G-A,25.25,29.74,42.36,0.337150772,0.579546752,6.41,24.59,p.Cys1128Cys,c.3384C>T,345119,CI,0
V165,HEK,3-38579406-G-A,14.23,46,18.89,0.97671772,1,0.33,1.25,p.Ala1106Ala,c.3318C>T,264627,CI,0
V168,HEK,3-38579525-C-T,26.76,4.5,33.98,0.676261337,0.902826049,-4.3,-16.5,,c.3229-30G>A,1201446,LB,0
V172,HEK,3-38579344-C-T,25.94,40.99,45.75,0.191875912,0.371054154,11.51,44.21,p.Gly1127Glu,c.3380G>A,1303973,VUS,0
V186,HEK,3-38576589-A-G,66.12,73.73,64.37,0.657276437,0.881957668,-1.6,-2.29,,c.3511+72T>C,1291540,B,0
V187,HEK,3-38576651-G-A,64.51,70.69,68.29,0.482143256,0.745903978,-1.84,-2.65,,c.3511+10C>T,36760,B/LB,0
V188,HEK,3-38576797-T-A,68.69,74.33,58.12,0.643902881,0.881951973,-2.62,-3.76,,c.3391-16A>T,384030,B/LB,0
V189,HEK,3-38576788-A-G,64.76,69.95,69.51,0.521884803,0.794004777,-1.59,-2.29,,c.3391-7T>C,345118,CI,0
V190,HEK,3-38576784-A-G,67.76,73.01,71.5,0.647211904,0.881951973,1.09,1.56,,c.3391-3T>C,378545,CI,0
V191,HEK,3-38576785-T-C,66.2,70.86,68.55,0.611630913,0.860208183,-1.13,-1.62,,c.3391-4A>G,463326,LB,0
V195,HEK,3-38576779-G-A,59.4,69.67,70.03,0.455365175,0.721452054,-3.3,-4.74,p.Thr1131Thr,c.3393C>T,,,0
V196,HEK,3-38576655-C-T,71.65,67.69,74.47,0.558805486,0.821038228,1.6,2.3,,c.3511+6G>A,,,0
V197,HEK,3-38575287-A-G,70.84,76.06,72.81,0.650803839,0.881957668,1.07,1.49,,c.3666+10T>C,165140,B/LB,0
V198,HEK,3-38575342-G-A,69.11,76.31,73.25,0.795384,0.982093859,0.73,1.01,p.Phe1207Phe,c.3621C>T,139058,B/LB,0
V199,HEK,3-38575423-C-T,70.76,76.03,71.61,0.794073876,0.982093859,0.63,0.88,p.Ala1180Ala,c.3540G>A,201421,B/LB,0
V200,HEK,3-38575454-A-G,72.25,76.03,74.3,0.356619152,0.601223313,2.03,2.82,,c.3512-3T>C,838712,CI,0
V204,HEK,3-38575399-C-A,71.29,76.13,72.92,0.578468639,0.840537303,1.29,1.78,p.Gly1188Gly,c.3564G>T,1430298,VUS,0
V205,HEK,3-38575293-G-C,66.33,70.78,69.66,0.194904421,0.374159581,-3.24,-4.49,,c.3666+4C>G,926157,VUS,0
V206,HEK,3-38575451-C-T,52.87,70.48,62.87,0.178601057,0.350537896,-10.09,-13.98,p.Gly1171Asp,c.3512G>A,242195,VUS,0
V210,HEK,3-38566392-C-T,70.24,74.66,73.52,0.90802851,1,-0.21,-0.29,,c.3840+17G>A,917653,B,0
V211,HEK,3-38566397-G-A,71.46,74.82,72.93,0.970494486,1,0.06,0.08,,c.3840+12C>T,1327133,CI,0
V212,HEK,3-38566589-A-T,69.95,71.85,68.14,0.115329451,0.235129036,-3.04,-4.16,,c.3667-7T>A,139059,CI,0
V213,HEK,3-38566409-G-A,71.68,75.16,73.32,0.813217617,0.994773178,0.37,0.51,p.Asp1280Asp,c.3840C>T,629523,CI,0
V214,HEK,3-38566451-G-A,71.19,74.65,71.88,0.784619706,0.982093859,-0.44,-0.6,p.Tyr1266Tyr,c.3798C>T,629343,CI,0
V215,HEK,3-38566508-T-C,70.09,76.17,69.73,0.694321746,0.908490643,-1.02,-1.39,p.Thr1247Thr,c.3741A>G,962858,CI,0
V216,HEK,3-38566401-A-G,72.18,72.8,72.85,0.744658583,0.95070489,-0.4,-0.55,,c.3840+8T>C,463331,LB,0
V218,HEK,3-38566582-C-G,56.7,71.97,50.03,0.171197133,0.338532676,-13.45,-18.42,p.Ala1223Pro,c.3667G>C,217492,VUS,0
V219,HEK,3-38566432-A-C,71.35,75.77,71.38,0.926919053,1,-0.18,-0.24,p.Trp1273Gly,c.3817T>G,651986,VUS,0
V224,HEK,3-38562505-C-T,63.23,75.06,69.81,0.530086186,0.801222223,2.93,4.41,p.Leu1291Leu,c.3873G>A,139061,CI,0
V227,HEK,3-38562413-A-ACCCTCATG,57.35,71.52,60.74,0.556891356,0.821038228,-3.23,-4.86,,c.3957_3963+1dup,927012,LP,0
V229,HEK,3-38562496-G-T,47.92,59.8,55.75,0.055307144,0.117304667,-11.95,-17.98,p.Ala1294Ala,c.3882C>A,576406,VUS,0
V234,HEK,3-38560222-G-A,59.53,66.8,59.73,0.790189093,0.982093859,-0.85,-1.35,p.Thr1390Thr,c.4170C>T,518780,CI,0
V235,HEK,3-38560396-C-T,55.71,62.86,46.78,0.231975553,0.432691989,-7.75,-12.33,p.Pro1332Pro,c.3996G>A,901564,CI,0
V237,HEK,3-38560384-G-A,55.92,68.22,57.76,0.63479115,0.881951973,-2.24,-3.56,p.Asn1336Asn,c.4008C>T,378920,CI,0
V238,HEK,3-38560139-G-A,59,68.84,60.37,0.972342828,1,-0.13,-0.21,,c.4245+8C>T,242197,LB_low_MAF,0
V242,HEK,3-38560388-A-C,57.76,63.29,60.93,0.407272628,0.661189514,-2.21,-3.52,p.Met1335Arg,c.4004T>G,923272,VUS,0
V245,HEK,3-38560200-C-T,61.28,64.16,60.86,0.730366181,0.93767945,-0.77,-1.23,p.Val1398Met,c.4192G>A,1482306,VUS,0
V252,HEK,3-38560318-C-A,60.26,60.22,59.08,0.226955293,0.426351729,-3.02,-4.8,p.Gly1358Gly,c.4074G>T,629563,B/LB,0
V253,HEK,3-38557203-G-A,37.08,26.45,21.35,0.386579956,0.634696626,-5.41,-16.05,,c.4299+28C>T,1285160,B,0
V263,HEK,3-38557248-C-A,36.91,34.03,43.83,0.325120549,0.566269566,4.56,13.52,p.Ala1428Ser,c.4282G>T,179030,VUS,0
V267,HEK,3-38557263-C-T,31.38,44.87,36.37,0.477488725,0.743074169,3.84,11.39,p.Asp1423Asn,c.4267G>A,222810,VUS,0
V269,HEK,3-38557250-G-T,38.33,44.46,54.54,0.108610962,0.224918763,12.07,35.82,p.Ala1427Glu,c.4280C>A,519279,VUS,0
V27,HEK,3-38609873-G-A,62.83,73.75,69.96,0.730890826,0.93767945,-1.53,-2.17,p.Ala265Ala,c.795C>T,139041,B,0
V277,HEK,3-38554304-G-A,65.29,69.46,62.55,0.644512971,0.881951973,-1.67,-2.48,p.Phe1596Phe,c.4788C>T,378550,B/LB,0
V28,HEK,3-38609810-C-T,58.22,71.87,70.23,0.522292116,0.794004777,-3.6,-5.11,p.Ala286Ala,c.858G>A,242208,B/LB,0
V280,HEK,3-38554370-C-T,66.29,67.91,62.15,0.570050702,0.832907414,-1.99,-2.95,p.Glu1574Glu,c.4722G>A,390331,LB_low_MAF,0
V282,HEK,3-38554380-A-C,65.13,72.08,67.4,0.831820642,1,0.76,1.13,p.Phe1571Cys,c.4712T>G,67917,VUS,0
V283,HEK,3-38554377-G-C,66.05,68.74,64.76,0.774243129,0.974286809,-0.92,-1.37,p.Thr1572Arg,c.4715C>G,1055232,VUS,0
V29,HEK,3-38609783-C-T,68.06,64,70.99,0.464570612,0.731629168,-2.69,-3.83,p.Glu295Glu,c.885G>A,139042,B/LB,0
V30,HEK,3-38609951-G-A,64.59,69.28,66.86,0.325017196,0.566269566,-3.46,-4.92,p.Ile239Ile,c.717C>T,48316,CI,0
V33,HEK,3-38609836-G-A,61.99,70.26,61.09,0.206217882,0.390182036,-5.93,-8.42,p.His278Tyr,c.832C>T,1171664,VUS,0
V34,HEK,3-38609832-T-C,59.75,65.37,58.03,0.054750764,0.117068708,-9.33,-13.25,p.Lys279Arg,c.836A>G,1406965,VUS,0
V35,HEK,3-38609768-G-T,65.89,69.96,46.22,0.317076731,0.55967235,-9.69,-13.76,p.Val300Val,c.900C>A,,,0
V37,HEK,3-38608260-G-C,74.54,76.86,76.47,0.954827871,1,0.07,0.09,,c.935-46C>G,673823,LB,0
V39,HEK,3-38608040-G-T,74.43,76.47,76.89,0.974283917,1,0.04,0.05,,c.998+111C>A,,,0
V42,HEK,3-38606699-C-T,59.09,67.48,64.57,0.537943625,0.808452419,-2.21,-3.36,p.Thr370Thr,c.1110G>A,704551,B/LB,0
V43,HEK,3-38606741-A-G,67.52,74.11,67.62,0.283263087,0.510261589,3.82,5.79,p.Asp356Asp,c.1068T>C,165156,CI,0
V44,HEK,3-38606801-C-T,61.77,58.01,64.71,0.204479921,0.38969724,-4.43,-6.72,p.Pro336Pro,c.1008G>A,139043,CI,0
V45,HEK,3-38606765-G-A,40.12,68.28,55.54,0.298350658,0.533783831,-11.28,-17.11,p.Pro348Pro,c.1044C>T,139044,CI,0
V53,HEK,3-38605931-C-T,57.67,67.41,62,0.180114934,0.350890576,-6.2,-9.04,,c.1338+20G>A,1270940,B,0
V55,HEK,3-38606151-G-T,60.7,63.61,65.5,0.165645739,0.332555949,-5.29,-7.72,,c.1141-3C>A,48280,B/LB,0
V56,HEK,3-38605987-G-A,60.2,71.79,68.79,0.726630614,0.93767945,-1.63,-2.38,p.Phe434Phe,c.1302C>T,48282,B/LB,0
V57,HEK,3-38606053-G-A,65.5,72.41,69.14,0.894971679,1,0.46,0.67,p.Val412Val,c.1236C>T,139048,B/LB,0
V58,HEK,3-38605954-G-A,64.15,72.07,67.86,0.885269575,1,-0.53,-0.77,p.His445His,c.1335C>T,264144,B/LB,0
V59,HEK,3-38606137-G-A,63.75,69.63,67.49,0.636088337,0.881951973,-1.6,-2.33,p.Ser384Ser,c.1152C>T,139047,CI,0
V6,HEK,3-38620843-G-A,61.18,73.15,71.06,0.591168436,0.843928231,-2.55,-3.59,p.Ala204Val,c.611C>T,68028,VUS,0
V60,HEK,3-38605944-C-T,65.42,71.13,68.41,0.94160701,1,-0.24,-0.35,,c.1338+7G>A,532171,LB,0
V64,HEK,3-38606151-GG-TA,61.72,64.94,61.43,0.13654252,0.27623602,-5.86,-8.55,,c.1141-4_1141-3delinsTA,569946,VUS,0
V65,HEK,3-38605948-C-T,63.08,72.24,66.57,0.75036608,0.951695893,-1.26,-1.84,,c.1338+3G>A,496570,VUS,0
V7,HEK,3-38620844-C-T,72.02,74.38,74.5,0.356379416,0.601223313,2.62,3.69,p.Ala204Thr,c.610G>A,633409,VUS,0
V77,HEK,3-38604932-C-T,69.77,75.71,72.44,0.587815006,0.843928231,1.28,1.79,,c.1339-24G>A,257437,B,0
V78,HEK,3-38604768-C-T,69.05,74.33,71.67,0.882270122,1,0.32,0.44,p.Arg493Arg,c.1479G>A,139050,B/LB,0
V79,HEK,3-38604756-A-C,69.24,74.85,70.94,0.890433361,1,0.31,0.44,p.Ser497Ser,c.1491T>G,345128,CI,0
V80,HEK,3-38604907-G-C,61.76,72.78,64.65,0.268407137,0.490215812,-4.97,-6.96,p.Ala447Gly,c.1340C>G,67657,VUS,0
V81,HEK,3-38604730-A-T,69.14,71.14,71.61,0.656550534,0.881957668,-0.74,-1.03,p.Met506Lys,c.1517T>A,809450,VUS,0
V82,HEK,3-38604848-C-A,68.57,73.6,72.55,0.922824929,1,0.21,0.29,p.Ala467Ser,c.1399G>T,201454,VUS,0
V83,HEK,3-38604790-G-C,68.53,74.12,72.98,0.824415626,1,0.51,0.72,p.Thr486Ser,c.1457C>G,853715,VUS,0
V84,HEK,3-38604906-G-A,62.19,72.28,65.9,0.258143882,0.474768119,-4.57,-6.41,p.Ala447Ala,c.1341C>T,,,0
V90,HEK,3-38604015-A-G,44.63,59.62,53.66,0.30605803,0.543873391,7.85,17.53,p.Ile529Ile,c.1587T>C,48287,B/LB,0
V92,HEK,3-38604033-A-T,45.9,39.98,44.03,0.80322638,0.987142701,-1.48,-3.31,p.Arg523Arg,c.1569T>A,165155,CI,0
V93,HEK,3-38603921-G-A,42.06,58.16,47.92,0.542287719,0.808865951,4.6,10.26,p.Leu561Leu,c.1681C>T,48290,CI,0
V10,HEK,3-38620838-C-T,0.05,0.07,0.15,0.000950558,0.004103038,-70.92,-99.87,,c.611+5G>A,645777,VUS,1
V102,HEK,3-38604084-C-T,9.46,3.51,6.03,0.010390585,0.027884937,-38.45,-85.86,,c.1519-1G>A,201455,LP,1
V112,HEK,3-38603712-C-A,0,0,0,0.012499577,0.031308464,-44.79,-100,p.Thr630Thr,c.1890G>T,,,1
V114,HEK,3-38603712-C-G,0,0,0,0.012499577,0.031308464,-44.79,-100,p.Thr630Thr,c.1890G>C,,,1
V12,HEK,3-38620852-A-C,0.44,6.09,5.56,2.57E-05,0.000628086,-66.98,-94.33,p.Ile201Ser,c.602T>G,,,1
V120,HEK,3-38598917-C-T,1.59,0.99,1.51,0.000385334,0.002526457,-55.35,-97.59,,c.2023+1G>A,519460,LP,1
V121,HEK,3-38599051-C-T,6.2,3.06,6.52,7.29E-06,0.000628086,-51.46,-90.73,,c.1891-1G>A,201464,P,1
V122,HEK,3-38598916-A-T,1.46,0.86,1.27,0.000393858,0.002526457,-55.52,-97.89,,c.2023+2T>A,201580,P,1
V123,HEK,3-38599055-G-C,7.17,2.5,5.34,1.03E-05,0.000628086,-51.71,-91.18,,c.1891-5C>G,201463,VUS,1
V125,HEK,3-38598920-T-A,0.59,0.00E+00,0.00E+00,0.000359214,0.002422395,-56.52,-99.65,p.Glu674Val,c.2021A>T,,,1
V126,HEK,3-38598918-C-A,0.00E+00,0.00E+00,0,0.000476941,0.002726889,-56.72,-100,p.Glu675*,c.2023G>T,,,1
V127,HEK,3-38598918-C-G,0.00E+00,0,0,0.000476946,0.002726889,-56.72,-100,p.Glu675Gln,c.2023G>C,,,1
V128,HEK,3-38598918-C-T,0,0,0,0.000476937,0.002726889,-56.72,-100,p.Glu675Lys,c.2023G>A,,,1
V135,HEK,3-38597968-C-T,19.36,7.02,11.73,0.002165497,0.00802149,-53.06,-80.68,,c.2024-1G>A,1067586,LP,1
V138,HEK,3-38597978-A-T,24.14,21.15,23.56,1.68E-05,0.000628086,-42.81,-65.1,,c.2024-11T>A,,,1
V139,HEK,3-38597759-T-C,3.74,11.36,15.32,0.001544705,0.005803677,-55.62,-84.58,p.Glu744Glu,c.2232A>G,,,1
V140,HEK,3-38597738-G-T,4.76,8.28,5.92,3.75E-06,0.000628086,-59.44,-90.39,p.Val751Val,c.2253C>A,,,1
V141,HEK,3-38597735-T-A,18.25,20.38,15.92,1.16E-05,0.000628086,-47.58,-72.35,p.Gly752Gly,c.2256A>T,,,1
V142,HEK,3-38597729-C-A,0,0.00E+00,0,0.00033311,0.002367795,-65.76,-100,p.Leu754Leu,c.2262G>T,,,1
V143,HEK,3-38597729-C-G,0,0,0,0.000333107,0.002367795,-65.76,-100,p.Leu754Leu,c.2262G>C,,,1
V144,HEK,3-38597729-C-T,0.00E+00,0,0,0.000333112,0.002367795,-65.76,-100,p.Leu754Leu,c.2262G>A,,,1
V15,HEK,3-38613836-T-C,0.02,0,0.05,0.011119711,0.028689453,-9.01,-99.74,,c.612-2A>G,162501,CI,1
V156,HEK,3-38585690-C-A,0.21,1.7,0.04,0.003413228,0.011695798,-58.03,-98.89,,c.2787+1G>T,406420,LP,1
V157,HEK,3-38585689-A-T,0.21,1.13,0.59,0.00382618,0.012578565,-58.04,-98.9,,c.2787+2T>A,979203,P,1
V159,HEK,3-38585787-T-A,6.38,8.83,8.82,0.003736413,0.012438946,-50.68,-86.35,p.Gly897Gly,c.2691A>T,,,1
V169,HEK,3-38579502-A-G,1.65,3.09,4.47,3.34E-05,0.000628086,-22.97,-88.2,,c.3229-7T>C,926232,LB,1
V170,HEK,3-38579498-G-A,3.36,8.55,10.22,0.006661821,0.019620256,-18.67,-71.68,,c.3229-3C>T,1039850,VUS,1
V176,HEK,3-38579494-T-G,0,0,0,0.000782381,0.003529145,-26.05,-100,p.Gln1077Pro,c.3230A>C,,,1
V177,HEK,3-38579493-C-A,0.05,0,0,0.000779539,0.003529145,-26.03,-99.94,p.Gln1077Met,c.3231G>T,,,1
V178,HEK,3-38579493-C-G,1.27,4.19,1.16,7.94E-05,0.0010995,-23.84,-91.54,p.Gln1077His,c.3231G>C,,,1
V179,HEK,3-38579493-C-T,0,0,0.42,0.000537498,0.002884941,-25.91,-99.46,p.Gln1077Gln,c.3231G>A,,,1
V180,HEK,3-38579366-T-A,0.89,0.46,0.79,0.000595707,0.003133418,-25.33,-97.25,p.Lys1120*,c.3358A>T,,,1
V181,HEK,3-38579340-G-T,0,2.09,13.68,0.036154682,0.079904884,-20.79,-79.82,p.Cys1128*,c.3384C>A,,,1
V182,HEK,3-38579335-T-C,0,0,0,0.000782381,0.003529145,-26.05,-100,p.Glu1130Gly,c.3389A>G,,,1
V183,HEK,3-38579334-C-A,0,0,0,0.000782381,0.003529145,-26.05,-100,p.Glu1130Asp,c.3390G>T,,,1
V192,HEK,3-38576782-C-T,0.54,0.21,0.56,0.000472357,0.002726889,-69.23,-99.37,,c.3391-1G>A,1502792,LP,1
V193,HEK,3-38576780-G-A,6.49,3.08,5.28,1.74E-05,0.000628086,-64.72,-92.89,p.Thr1131Ile,c.3392C>T,67795,VUS,1
V20,HEK,3-38613742-C-G,0.02,0.03,0.01,0.011126708,0.028689453,-9.01,-99.76,,c.703+1G>C,1345786,LP,1
V202,HEK,3-38575452-C-G,3.66,2.21,3.98,0.000144882,0.00158767,-68.88,-95.45,,c.3512-1G>C,496573,LP,1
V203,HEK,3-38575295-A-G,4.5,1.59,3.3,3.32E-05,0.000628086,-69.03,-95.66,,c.3666+2T>C,1510225,LP,1
V217,HEK,3-38566408-C-T,2.06,2.07,2.43,0.000192439,0.001807555,-70.83,-97.01,,c.3840+1G>A,488729,P/LP,1
V221,HEK,3-38566404-C-T,2.81,1.71,1.32,2.71E-05,0.000628086,-71.07,-97.34,,c.3840+5G>A,,,1
V226,HEK,3-38562414-C-T,0.4,0.35,0.31,0.001411053,0.005457453,-66.08,-99.47,,c.3963+1G>A,132906,LP,1
V228,HEK,3-38562413-A-G,0.26,0.27,0.33,0.001408254,0.005457453,-66.15,-99.57,,c.3963+2T>C,9378,P,1
V230,HEK,3-38562411-T-C,8.94,23.21,7.67,0.002654859,0.009564764,-53.16,-80.02,,c.3963+4A>G,,,1
V231,HEK,3-38562415-C-T,11.28,22.96,20.29,0.000645585,0.003329192,-48.26,-72.64,p.Arg1321Arg,c.3963G>A,,,1
V239,HEK,3-38560427-ACCT-A,0,0,0,0.000791709,0.003529145,-62.87,-100,,c.3964-2_3964del,201569,P/LP,1
V240,HEK,3-38560146-C-G,1.22,2.26,0.98,0.000500086,0.002798353,-61.38,-97.64,,c.4245+1G>C,201508,P/LP,1
V241,HEK,3-38560145-A-T,1.11,2.48,1.15,0.000427944,0.002679746,-61.29,-97.48,,c.4245+2T>A,201510,P/LP,1
V246,HEK,3-38560172-G-C,2.65,2.74,1.58,0.000537448,0.002884941,-60.55,-96.3,p.Ala1407Gly,c.4220C>G,846026,VUS,1
V247,HEK,3-38560426-C-T,12.14,6.18,9.55,2.69E-05,0.000628086,-53.58,-85.23,p.Val1322Val,c.3966G>A,,,1
V248,HEK,3-38560359-A-T,24.25,27.94,27.1,0.000201333,0.00182588,-36.44,-57.96,p.Trp1345Arg,c.4033T>A,,,1
V249,HEK,3-38560358-C-T,22.94,18.91,14.8,0.000186543,0.001807555,-43.99,-69.97,p.Trp1345*,c.4034G>A,,,1
V250,HEK,3-38560197-T-A,22.01,39.67,20.86,0.021415123,0.051201613,-35.36,-56.24,p.Lys1399*,c.4195A>T,,,1
V251,HEK,3-38560196-T-C,1.53,1.64,1.96,0.000790851,0.003529145,-61.16,-97.28,p.Lys1399Arg,c.4196A>G,,,1
V256,HEK,3-38557225-A-G,0.14,0.12,0.14,0.007080504,0.019620256,-33.57,-99.61,,c.4299+6T>C,201588,CI,1
V257,HEK,3-38557286¬†-T-C,0.14,0.11,0.07,0.007066833,0.019620256,-33.6,-99.69,,c.4246-2A>G,667016,LP,1
V259,HEK,3-38557230-C-A,0.14,0.12,0.28,0.007087165,0.019620256,-33.52,-99.47,,c.4299+1G>T,1068181,LP,1
V26,HEK,3-38613744-T-G,0,0,0,0.011077464,0.028689453,-9.03,-100,p.Ser234=,c.702A>C,201442,VUS,1
V260,HEK,3-38557229-AC-A,0.51,1.1,0.43,0.007062821,0.019620256,-33.02,-97.98,,c.4299+1del,1327132,LP,1
V261,HEK,3-38557231-C-A,0,0,0.00E+00,0.007025848,0.019620256,-33.7,-100,p.Gly1433Gly,c.4299G>T,1527872,LP,1
V262,HEK,3-38557286-CT-C,0.1,0.16,0.15,0.007079463,0.019620256,-33.57,-99.6,,c.4246-2del,201599,P,1
V264,HEK,3-38557232-C-A,5.79,17.09,11.71,0.007221257,0.019678348,-22.17,-65.79,p.Gly1433Val,c.4298G>T,67879,VUS,1
V265,HEK,3-38557225-A-T,4.18,3.63,0.97,0.004320331,0.013980468,-30.78,-91.32,,c.4299+6T>A,229234,VUS,1
V266,HEK,3-38557284-C-T,7.84,0,0.02,0.001327052,0.005441624,-31.08,-92.22,p.Ala1416Thr,c.4246G>A,1475396,VUS,1
V270,HEK,3-38557234-C-G,0.79,0.48,0.72,0.007257794,0.019678348,-33.04,-98.03,p.Arg1432Ser,c.4296G>C,67878,VUS,1
V272,HEK,3-38557231-C-G,0,0,0,0.007025749,0.019620256,-33.7,-100,p.Gly1433Gly,c.4299G>C,201590,VUS,1
V273,HEK,3-38557233-C-A,0.42,0.00E+00,0.91,0.006834186,0.019620256,-33.26,-98.68,p.Gly1433Trp,c.4297G>T,519412,VUS,1
V274,HEK,3-38557231-C-T,1.31,0,0,0.006222642,0.019029707,-33.26,-98.7,p.Gly1433Gly,c.4299G>A,,,1
V275,HEK,3-38557256-A-C,1.05,19.04,5.34,0.025616013,0.059096591,-25.23,-74.85,p.Met1425Arg,c.4274T>G,,,1
V279,HEK,3-38554373-G-A,1.86,0.64,0.39,0.001229668,0.005133375,-66.48,-98.57,p.Gly1573Gly,c.4719C>T,263423,CI,1
V281,HEK,3-38554272-T-TACCC,3.28,7.35,4.38,0.000352619,0.002422395,-62.44,-92.58,,c.4813+3_6dupGGGT,254157,LP,1
V31,HEK,3-38609966-T-C,3.31,1.05,3.01,0.000764921,0.003529145,-67.92,-96.51,,c.704-2A>G,505834,LP,1
V32,HEK,3-38609733-C-T,1.08,1.77,1.43,0.001365579,0.005441624,-68.95,-97.97,,c.934+1G>A,1072847,P,1
V38,HEK,3-38608217-G-C,0.74,0.76,0.63,0.000137906,0.001576928,-75.18,-99.06,,c.935-3C>G,1326908,VUS,1
V4,HEK,3-38620838-C-CTT,0.08,0.06,0.08,0.000951655,0.004103038,-70.93,-99.89,,c.611+3_611+4dup,9372,P,1
V5,HEK,3-38620972-C-T,1.89,0.26,5.68,3.03E-05,0.000628086,-68.4,-96.32,,c.483-1G>A,201432,P/LP,1
V50,HEK,3-38606664-C-T,4.03,11.65,10.69,6.46E-05,0.000943507,-57.14,-86.67,,c.1140+5G>A,854573,VUS,1
V51,HEK,3-38606669-C-A,0.33,7.19,3.3,3.18E-05,0.000628086,-62.32,-94.53,p.Gln380Gln,c.1140G>T,,,1
V52,HEK,3-38606669-C-G,1.18,3.73,1.31,0.000311567,0.002367795,-63.86,-96.86,p.Gln380Gln,c.1140G>C,,,1
V61,HEK,3-38606149-C-T,11.19,5.26,9.32,0.000106203,0.001330072,-59.97,-87.47,,c.1141-1G>A,463294,LP,1
V62,HEK,3-38606150-T-C,9.85,5.3,8.38,0.000231788,0.001966461,-60.72,-88.56,,c.1141-2A>G,1521971,LP,1
V63,HEK,3-38605949-A-T,2.37,2.11,2.55,0.001471708,0.005609554,-66.22,-96.58,,c.1338+2T>A,189324,P/LP,1
V67,HEK,3-38605951-C-T,3.9,3.79,6.12,0.000746465,0.003529145,-63.96,-93.28,p.Glu446=,c.1338G>A,451631,VUS,1
V68,HEK,3-38606093-A-T,8.82,3.96,6.8,0.000185998,0.001807555,-62.03,-90.48,p.Leu399Gln,c.1196T>A,,,1
V69,HEK,3-38606092-C-T,8.37,3.95,6.34,0.000249187,0.002048003,-62.34,-90.93,p.Leu399Leu,c.1197G>A,,,1
V70,HEK,3-38606080-G-C,17.37,11.24,7.66,0.000130411,0.001559005,-56.47,-82.36,p.Tyr403*,c.1209C>G,,,1
V71,HEK,3-38606078-A-T,8.4,3.87,7.05,0.000216354,0.001896707,-62.12,-90.6,p.Leu404Gln,c.1211T>A,,,1
V75,HEK,3-38605951-C-A,5.92,10.59,1.99,6.39E-05,0.000943507,-62.39,-91,p.Glu446Asp,c.1338G>T,,,1
V76,HEK,3-38605951-C-G,0.48,0.00E+00,0.00E+00,0.001360744,0.005441624,-68.4,-99.77,p.Glu446Asp,c.1338G>C,,,1
V85,HEK,3-38604792-T-A,1.95,0.75,0.66,0.00010339,0.001330072,-70.24,-98.43,p.Gly485Gly,c.1455A>T,,,1
V86,HEK,3-38604784-T-A,4.98,7.04,6.75,3.02E-05,0.000628086,-65.11,-91.23,p.Glu488Val,c.1463A>T,,,1
V88,HEK,3-38604729-C-G,0,0,0.03,0.000332836,0.002367795,-71.36,-99.99,p.Met506Ile,c.1518G>C,,,1
V89,HEK,3-38604729-C-T,7.05,10.56,3.69,3.80E-05,0.000633032,-64.26,-90.05,p.Met506Ile,c.1518G>A,,,1
V108,HEK,3-38604019-C-A,25.17,23.33,22.19,0.048681551,0.104944654,-21.22,-47.38,p.Ser528Ile,c.1583G>T,406425,VUS,NA
V11,HEK,3-38620875-C-A,51.41,62.37,55.96,0.024915668,0.057989563,-14.43,-20.32,p.Trp193*,c.579G>T,,,NA
V113,HEK,3-38603881-C-A,39.93,21.23,28.1,0.113856536,0.233939602,-15.03,-33.57,p.Gly574Val,c.1721G>T,,,NA
V117,HEK,3-38598940-G-A,49.14,34.18,46.75,0.093699271,0.197143267,-13.36,-23.56,p.Ser667Ser,c.2001C>T,139053,CI,NA
V124,HEK,3-38599057-G-T,41.2,46.95,43.01,0.004638833,0.014698953,-13,-22.92,,c.1891-7C>A,,,NA
V132,HEK,3-38597695-GC-G,41.36,44.06,41.3,0.000155925,0.001640332,-23.52,-35.77,,c.2262+33del,1181486,LB,NA
V158,HEK,3-38586040-A-T,36.13,45.35,28.79,0.024698452,0.057989563,-21.93,-37.37,p.Leu813Gln,c.2438T>A,,,NA
V163,HEK,3-38579475-G-A,42.52,55.08,51.43,0.020789397,0.050161574,23.63,90.72,p.Ser1083Ser,c.3249C>T,178131,CI,NA
V167,HEK,3-38579454-C-G,43.05,52.41,49.57,0.011011582,0.028689453,22.29,85.59,p.Pro1089Pro,c.3270G>C,809446,CI,NA
V194,HEK,3-38576780-G-C,58.55,64.5,57.62,0.02778277,0.063537987,-9.44,-13.56,p.Thr1131Ser,c.3392C>G,532088,VUS,NA
V207,HEK,3-38575299-G-A,54.52,56.04,53.96,0.003622999,0.01221601,-17.32,-24,p.Leu1222Leu,c.3664C>T,919970,VUS,NA
V208,HEK,3-38575347-A-T,55.3,56.85,60.41,0.002611997,0.009541043,-14.64,-20.29,p.Trp1206Arg,c.3616T>A,,,NA
V209,HEK,3-38575343-A-T,44.35,51.79,37.14,0.013720185,0.034041591,-27.73,-38.43,p.Phe1207Tyr,c.3620T>A,,,NA
V220,HEK,3-38566403-A-G,46.64,34.41,51.15,0.024399266,0.057810873,-28.95,-39.65,,c.3840+6T>C,,,NA
V222,HEK,3-38566479-T-C,45.62,42.28,43.93,3.85E-05,0.000633032,-29.07,-39.82,p.Lys1257Arg,c.3770A>G,,,NA
V223,HEK,3-38566455-T-C,48.02,59.45,58.04,0.029993585,0.068002697,-17.85,-24.44,p.Lys1265Glu,c.3794A>G,,,NA
V232,HEK,3-38562440-G-C,28.32,41.65,36.15,0.004358929,0.013980468,-31.06,-46.75,p.Ala1313Gly,c.3938C>G,,,NA
V236,HEK,3-38560321-C-T,35.08,42.44,36.92,0.001165184,0.004942634,-24.72,-39.33,p.Ala1357Ala,c.4071G>A,406438,CI,NA
V243,HEK,3-38560345-GCTGAAGATGAGC-G,37.55,52.22,38.28,0.03864475,0.083996441,-20.19,-32.11,p.Trp1344_Ser1348delinsCys,c.4032_4043del,1377833,VUS,NA
V244,HEK,3-38560220-C-A,56.38,57.73,53.81,0.038515956,0.083996441,-6.9,-10.98,p.Gly1391Val,c.4172G>T,1353485,VUS,NA
V25,HEK,3-38613769-G-T,11.02,1.00E-02,6.47,0.424681927,0.684549203,-3.2,-35.46,p.Ala226Asp,c.677C>A,1007996,VUS,NA
V254,HEK,3-38557234-C-T,60.22,61.3,63.9,0.004806678,0.015049481,28.11,83.39,p.Arg1432Arg,c.4296G>A,463336,CI,NA
V255,HEK,3-38557288-G-A,20.72,41.7,12.85,0.426867184,0.684549203,-8.61,-25.56,,c.4246-4C>T,519246,CI,NA
V271,HEK,3-38557234-C-A,51.28,75.08,71.61,0.035766172,0.07971613,32.28,95.79,p.Arg1432Ser,c.4296G>T,659965,VUS,NA
V284,HEK,3-38554372-C-T,36.15,41.18,36.22,NA,NA,0,0,p.Glu1574Lys,c.4720G>A,67918,VUS,NA
V285,HEK,3-38554368-C-T,42.44,44.67,36.57,NA,NA,0,0,p.Cys1575Tyr,c.4724G>A,532081,VUS,NA
V286,HEK,3-38554318-T-A,61.35,70.24,54.82,NA,NA,0,0,p.Asn1592Tyr,c.4774A>T,583356,VUS,NA
V287,HEK,3-38554274-C-T,0.94,1.84,1.03,NA,NA,0,0,,c.4813+5G>A,1326912,VUS,NA
V288,HEK,3-38554276-C-T,63.47,73.93,63.5,NA,NA,0,0,,c.4813+3G>A,,,NA
V289,HEK,3-38554272-T-C,58.65,60,57.83,NA,NA,0,0,,c.4813+7A>G,,,NA
V36,HEK,3-38608146-C-T,67.73,71.03,66.79,0.012218915,0.031199755,-7.37,-9.71,,c.998+5G>A,165158,CI,NA
V40,HEK,3-38608154-G-C,55.88,61.33,54.17,0.006099266,0.018871847,-18.76,-24.73,p.Ala332Gly,c.995C>G,,,NA
V41,HEK,3-38606792-G-A,40.5,61.48,18.86,0.16887571,0.336472058,-25.65,-38.91,p.Tyr339Tyr,c.1017C>T,227057,B,NA
V46,HEK,3-38606774-G-A,50.24,42.69,47.18,0.003411556,0.011695798,-19.23,-29.16,p.Gly345Gly,c.1035C>T,264022,CI,NA
V66,HEK,3-38606091-C-T,41.03,40.47,37.61,0.003166335,0.011253326,-28.86,-42.09,p.Gly400Arg,c.1198G>A,1017347,VUS,NA
V72,HEK,3-38605997-T-A,52.04,55.15,56.85,0.016600552,0.040803226,-13.88,-20.24,p.Glu431Val,c.1292A>T,,,NA
V73,HEK,3-38605962-T-A,46.28,50.65,44.25,0.003424245,0.011695798,-21.5,-31.36,p.Lys443*,c.1327A>T,,,NA
V74,HEK,3-38605952-T-A,28.32,39.76,50.61,0.032215567,0.072416188,-28.99,-42.29,p.Glu446Val,c.1337A>T,,,NA
V8,HEK,3-38620843-G-T,62.42,57.8,59.82,0.019108889,0.046533683,-10.99,-15.48,p.Ala204Glu,c.611C>A,201436,VUS,NA
V94,HEK,3-38603868-G-A,47.25,57.07,40.66,NA,NA,0,0,p.Pro578Pro,c.1734C>T,227926,CI,NA
V95,HEK,3-38603847-G-A,43.8,53.36,47.81,NA,NA,0,0,p.His585His,c.1755C>T,139052,CI,NA
V96,HEK,3-38603940-G-A,40.74,61.02,33.31,NA,NA,0,0,p.Ser554Ser,c.1662C>T,463303,CI,NA
V97,HEK,3-38604027-G-A,43.42,55.97,45.61,NA,NA,0,0,p.Ser525Ser,c.1575C>T,378877,CI,NA
V98,HEK,3-38603781-G-A,35.2,57.28,51.68,NA,NA,0,0,p.Gly607Gly,c.1821C>T,201416,CI,NA
V99,HEK,3-38603712-C-T,10.89,1.00E-02,0,NA,NA,0,0,p.Thr630Thr,c.1890G>A,505275,CI,NA
V289,iPSC-CM,3-38554272-T-C,72.91,79.92,55.7,0.98760718,1,0.15,0.22,,c.4813+7A>G,,,0
V288,iPSC-CM,3-38554276-C-T,80.63,74.47,68.06,0.499235045,0.682954158,5.03,7.25,,c.4813+3G>A,,,0
V277,iPSC-CM,3-38554304-G-A,78.7,70.42,82.46,0.313522996,0.536521747,7.84,11.3,p.Phe1596Phe,c.4788C>T,378550,B/LB,0
V286,iPSC-CM,3-38554318-T-A,71.3,76.86,69.34,0.643156553,0.801472012,3.14,4.53,p.Asn1592Tyr,c.4774A>T,583356,VUS,0
V285,iPSC-CM,3-38554368-C-T,48.4,67.67,64.51,0.325739969,0.545895258,-9.16,-13.21,p.Cys1575Tyr,c.4724G>A,532081,VUS,0
V280,iPSC-CM,3-38554370-C-T,72.1,56.89,56.88,0.383066458,0.600297009,-7.4,-10.67,p.Glu1574Glu,c.4722G>A,390331,LB_low_MAF,0
V283,iPSC-CM,3-38554377-G-C,78.4,80.28,78.19,0.227035004,0.431011765,9.6,13.85,p.Thr1572Arg,c.4715C>G,1055232,VUS,0
V282,iPSC-CM,3-38554380-A-C,72.5,77.74,81.05,0.302337548,0.532376987,7.74,11.16,p.Phe1571Cys,c.4712T>G,67917,VUS,0
V271,iPSC-CM,3-38557234-C-A,68.3,82.26,60.48,0.408558678,0.612838016,12.78,22.19,p.Arg1432Ser,c.4296G>T,659965,VUS,0
V254,iPSC-CM,3-38557234-C-T,82.28,71.99,70.81,0.273296375,0.497380291,17.46,30.33,p.Arg1432Arg,c.4296G>A,463336,CI,0
V263,iPSC-CM,3-38557248-C-A,86.31,48.94,88.12,0.386257087,0.600297009,16.89,29.33,p.Ala1428Ser,c.4282G>T,179030,VUS,0
V269,iPSC-CM,3-38557250-G-T,41.83,46.72,69.97,0.764096378,0.884168667,-4.73,-8.21,p.Ala1427Glu,c.4280C>A,519279,VUS,0
V255,iPSC-CM,3-38557288-G-A,71.11,36.58,46.22,0.709437078,0.840942487,-6.26,-10.88,,c.4246-4C>T,519246,CI,0
V238,iPSC-CM,3-38560139-G-A,73.89,77.3,78.12,0.502348266,0.682954158,3.66,5.03,,c.4245+8C>T,242197,LB_low_MAF,0
V245,iPSC-CM,3-38560200-C-T,72.14,77.72,78.39,0.550839272,0.713449301,3.3,4.53,p.Val1398Met,c.4192G>A,1482306,VUS,0
V234,iPSC-CM,3-38560222-G-A,60.32,67.57,77.46,0.551969006,0.713449301,-4.33,-5.95,p.Thr1390Thr,c.4170C>T,518780,CI,0
V252,iPSC-CM,3-38560318-C-A,70.38,76.43,77.54,0.714957336,0.843372003,2,2.75,p.Gly1358Gly,c.4074G>T,629563,,0
V236,iPSC-CM,3-38560321-C-T,53.73,55.11,77.1,0.300567356,0.532376987,-10.8,-14.84,p.Ala1357Ala,c.4071G>A,406438,CI,0
V243,iPSC-CM,3-38560345-GCTGAAGATGAGC-G,59.71,61.08,60.88,0.109826913,0.24043189,-12.22,-16.79,p.Trp1344_Ser1348delinsCys,c.4032_4043del,1377833,VUS,0
V237,iPSC-CM,3-38560384-G-A,65.46,72.47,60.52,0.308975088,0.536521747,-6.63,-9.11,p.Asn1336Asn,c.4008C>T,378920,CI,0
V242,iPSC-CM,3-38560388-A-C,76.5,78.43,52.35,0.723512588,0.849340865,-3.69,-5.06,p.Met1335Arg,c.4004T>G,923272,VUS,0
V227,iPSC-CM,3-38562413-A-ACCCTCATG,78.53,84.25,78.3,0.516962777,0.694043949,5.05,6.7,,c.3957_3963+1dup,927012,LP,0
V224,iPSC-CM,3-38562505-C-T,67.88,87.47,88.39,0.555791805,0.714589464,5.93,7.88,p.Leu1291Leu,c.3873G>A,139061,CI,0
V210,iPSC-CM,3-38566392-C-T,80.6,85.84,86.91,0.789789899,0.909568462,-0.61,-0.72,,c.3840+17G>A,917653,B,0
V211,iPSC-CM,3-38566397-G-A,83.49,77.61,78.07,0.093740746,0.211810969,-5.34,-6.28,,c.3840+12C>T,1327133,CI,0
V216,iPSC-CM,3-38566401-A-G,83.41,43.92,85.93,0.412254587,0.614588127,-13.98,-16.43,,c.3840+8T>C,463331,LB,0
V213,iPSC-CM,3-38566409-G-A,81.66,63.03,84.45,0.325468044,0.545895258,-8.68,-10.21,p.Asp1280Asp,c.3840C>T,629523,CI,0
V219,iPSC-CM,3-38566432-A-C,82.68,79.69,86.29,0.375039207,0.599569259,-2.18,-2.56,p.Trp1273Gly,c.3817T>G,651986,VUS,0
V214,iPSC-CM,3-38566451-G-A,81.67,79.15,82.43,0.035438036,0.103281244,-3.98,-4.68,p.Tyr1266Tyr,c.3798C>T,629343,CI,0
V215,iPSC-CM,3-38566508-T-C,82.31,85.45,86.39,0.819276881,0.930645164,-0.35,-0.41,p.Thr1247Thr,c.3741A>G,962858,CI,0
V212,iPSC-CM,3-38566589-A-T,82.9,85.55,81.2,0.284424339,0.50819937,-1.85,-2.17,,c.3667-7T>A,139059,CI,0
V197,iPSC-CM,3-38575287-A-G,81.97,80.83,85.34,0.509482852,0.68780185,-1.57,-1.86,,c.3666+10T>C,165140,B/LB,0
V205,iPSC-CM,3-38575293-G-C,70.15,80.43,85.71,0.35297837,0.575662711,-5.51,-6.54,,c.3666+4C>G,926157,VUS,0
V207,iPSC-CM,3-38575299-G-A,83.98,85.35,86.06,0.673355795,0.826391203,0.85,1,p.Leu1222Leu,c.3664C>T,919970,VUS,0
V198,iPSC-CM,3-38575342-G-A,70.82,62,86.45,0.255003375,0.476660156,-11.19,-13.28,p.Phe1207Phe,c.3621C>T,139058,B/LB,0
V204,iPSC-CM,3-38575399-C-A,81.19,86.12,86.14,0.935193589,1,0.2,0.24,p.Gly1188Gly,c.3564G>T,1430298,VUS,0
V199,iPSC-CM,3-38575423-C-T,77.78,79.47,85.53,0.316697938,0.538165028,-3.35,-3.98,p.Ala1180Ala,c.3540G>A,201421,B/LB,0
V206,iPSC-CM,3-38575451-C-T,66.38,66.36,78.48,0.058940931,0.147656148,-13.88,-16.46,p.Gly1171Asp,c.3512G>A,242195,VUS,0
V200,iPSC-CM,3-38575454-A-G,83.75,78.39,78.79,0.174075158,0.355464399,-3.97,-4.71,,c.3512-3T>C,838712,CI,0
V186,iPSC-CM,3-38576589-A-G,79.2,84.16,85.91,0.379092904,0.600297009,6.96,9.15,,c.3511+72T>C,1291540,B,0
V187,iPSC-CM,3-38576651-G-A,71.56,86.1,73.95,0.89539657,1,1.08,1.41,,c.3511+10C>T,36760,B/LB,0
V195,iPSC-CM,3-38576779-G-A,76.32,52.86,81.47,0.615054632,0.774395211,-5.91,-7.77,p.Thr1131Thr,c.3393C>T,,,0
V190,iPSC-CM,3-38576784-A-G,76.23,78.79,72.52,0.968726244,1,-0.28,-0.37,,c.3391-3T>C,378545,CI,0
V191,iPSC-CM,3-38576785-T-C,77.57,87.63,85.05,0.369358688,0.594398419,7.29,9.57,,c.3391-4A>G,463326,LB,0
V189,iPSC-CM,3-38576788-A-G,43.11,86.84,86.54,0.819580515,0.930645164,-3.96,-5.21,,c.3391-7T>C,345118,CI,0
V188,iPSC-CM,3-38576797-T-A,62.46,80.92,64.85,0.472524593,0.659905036,-6.72,-8.82,,c.3391-16A>T,384030,B/LB,0
V167,iPSC-CM,3-38579454-C-G,66.34,36.64,41.6,0.681741113,0.828315453,4.38,10.01,p.Pro1090Pro,c.3270G>C,809446,CI,0
V154,iPSC-CM,3-38585638-G-T,68.37,73.51,65.56,0.419875845,0.622133112,14.27,26.01,,c.2787+53C>A,1219723,LB,0
V152,iPSC-CM,3-38585958-C-A,71.65,62.18,61.74,0.544850084,0.711820271,10.32,18.8,p.Gly840Gly,c.2520G>T,925221,CI,0
V155,iPSC-CM,3-38586044-G-A,32.19,37.18,74.37,0.738386333,0.862634033,-6.96,-12.68,,c.2437-3C>T,921768,LB,0
V151,iPSC-CM,3-38586046-G-T,39.19,77.64,78.4,0.622981816,0.780332894,10.21,18.6,,c.2437-5C>A,139054,CI,0
V153,iPSC-CM,3-38586048-A-G,49.05,51.27,70.93,0.897559087,1,2.21,4.03,,c.2437-7T>C,560718,CI,0
V134,iPSC-CM,3-38597723-C-T,49.4,60.4,80.49,0.503081458,0.682954158,-7.4,-10.45,,c.2262+6G>A,517833,LB_low_MAF,0
V137,iPSC-CM,3-38597730-A-T,70.94,77.89,78.73,0.18068275,0.365882568,5.02,7.09,p.Leu754Gln,c.2261T>A,406449,VUS,0
V130,iPSC-CM,3-38597732-G-A,77.03,67.34,74.48,0.573661026,0.733682259,2.11,2.99,p.Asn753Asn,c.2259C>T,345123,CI,0
V136,iPSC-CM,3-38597740-C-T,75.96,65.69,81.52,0.533044593,0.707813312,3.56,5.02,p.Val751Ile,c.2251G>A,923998,VUS,0
V131,iPSC-CM,3-38597810-G-A,64.7,74.49,63.25,0.459309937,0.659905036,-3.35,-4.73,p.Ile727Ile,c.2181C>T,345124,CI,0
V129,iPSC-CM,3-38597840-C-T,71.11,80.99,81.52,0.161943757,0.333494347,7.04,9.94,p.Pro717Pro,c.2151G>A,345125,CI,0
V133,iPSC-CM,3-38597972-G-A,75.18,81.42,68.16,0.407876117,0.612838016,4.09,5.77,,c.2024-5C>T,1102108,LB,0
V118,iPSC-CM,3-38598928-G-A,56.57,21.73,42.88,0.463479395,0.659905036,9.33,30.04,p.Ser671Ser,c.2013C>T,194288,CI,0
V115,iPSC-CM,3-38599058-C-T,36.45,29.09,45.6,0.394176961,0.600297009,5.99,19.27,,c.1891-8G>A,165153,CI,0
V100,iPSC-CM,3-38603662-G-A,69.87,61.13,73.9,0.39525729,0.600297009,-4.18,-5.76,,c.1890+50C>T,257438,LB,0
V103,iPSC-CM,3-38603713-G-A,71.4,74.41,58.08,0.471236114,0.659905036,-4.51,-6.22,p.Thr630Met,c.1889C>T,201462,VUS,0
V98,iPSC-CM,3-38603781-G-A,52.63,73.39,74.78,0.523914617,0.699512373,-5.54,-7.64,p.Gly607Gly,c.1821C>T,201416,CI,0
V90,iPSC-CM,3-38604015-A-G,70.18,55.98,74.94,0.444878303,0.64733789,-5.44,-7.51,p.Ile529Ile,c.1587T>C,48287,B/LB,0
V108,iPSC-CM,3-38604019-C-A,45.87,58.57,75.21,0.274275551,0.497380291,-12.59,-17.37,p.Ser528Ile,c.1583G>T,406425,VUS,0
V104,iPSC-CM,3-38604025-C-T,62.83,66.37,71.32,0.146845686,0.304987194,-5.63,-7.77,p.Arg526His,c.1577G>A,67668,VUS,0
V97,iPSC-CM,3-38604027-G-A,64.47,50.17,60.31,0.062374464,0.15364923,-14.15,-19.53,p.Ser525Ser,c.1575C>T,378877,CI,0
V92,iPSC-CM,3-38604033-A-T,38.42,75,76.5,0.539460527,0.711820271,-9.16,-12.64,p.Arg523Arg,c.1569T>A,165155,CI,0
V107,iPSC-CM,3-38604064-C-G,70.31,71.44,73.13,0.706115385,0.840942487,-0.84,-1.16,p.Arg513Pro,c.1538G>C,532073,VUS,0
V110,iPSC-CM,3-38604086-A-G,64.12,65.75,49.23,0.123837759,0.26396996,-12.77,-17.62,,c.1519-3T>C,,,0
V81,iPSC-CM,3-38604730-A-T,80.96,83.85,83.11,0.214840775,0.421018615,6.65,8.75,p.Met506Lys,c.1517T>A,809450,VUS,0
V79,iPSC-CM,3-38604756-A-C,79.61,69.37,72.9,0.695938826,0.833069629,-2.03,-2.67,p.Ser497Ser,c.1491T>G,345128,CI,0
V78,iPSC-CM,3-38604768-C-T,75.93,83.54,83.88,0.332011253,0.548834928,5.13,6.75,p.Arg493Arg,c.1479G>A,139050,B/LB,0
V83,iPSC-CM,3-38604790-G-C,81.24,84.07,84.22,0.19043381,0.382441454,7.19,9.46,p.Thr486Ser,c.1457C>G,853715,VUS,0
V82,iPSC-CM,3-38604848-C-A,80.13,83.54,78.6,0.334403165,0.549053846,4.77,6.27,p.Ala467Ser,c.1399G>T,201454,VUS,0
V84,iPSC-CM,3-38604906-G-A,67.19,75.19,76.14,0.54315872,0.711820271,-3.15,-4.14,p.Ala447Ala,c.1341C>T,,,0
V80,iPSC-CM,3-38604907-G-C,71.63,74.12,76.73,0.685990153,0.829331379,-1.83,-2.41,p.Ala447Gly,c.1340C>G,67657,VUS,0
V77,iPSC-CM,3-38604932-C-T,75,79.68,80.72,0.594615786,0.752560604,2.48,3.26,,c.1339-24G>A,257437,B,0
V53,iPSC-CM,3-38605931-C-T,78.82,79.52,81.11,0.368740501,0.594398419,6.31,8.58,,c.1338+20G>A,1270940,B,0
V60,iPSC-CM,3-38605944-C-T,73.75,81.81,81.23,0.440484809,0.644806076,5.42,7.37,,c.1338+7G>A,532171,LB,0
V65,iPSC-CM,3-38605948-C-T,70.25,74.65,67.8,0.689679893,0.829664425,-2.61,-3.56,,c.1338+3G>A,496570,VUS,0
V58,iPSC-CM,3-38605954-G-A,57.58,81.85,57.16,0.468498741,0.659905036,-7.98,-10.86,p.His445His,c.1335C>T,264144,B/LB,0
V72,iPSC-CM,3-38605997-T-A,78,80.54,80.27,0.382090579,0.600297009,6.09,8.28,p.Glu431Val,c.1292A>T,,,0
V57,iPSC-CM,3-38606053-G-A,76.72,81.81,79.82,0.393167239,0.600297009,5.94,8.08,p.Val412Val,c.1236C>T,139048,B/LB,0
V59,iPSC-CM,3-38606137-G-A,77.74,62.07,63.26,0.478062438,0.660052117,-5.82,-7.92,p.Ser384Ser,c.1152C>T,139047,CI,0
V55,iPSC-CM,3-38606151-G-T,76.66,81.9,53.39,0.798067626,0.914766194,-2.86,-3.89,,c.1141-3C>A,48280,B/LB,0
V64,iPSC-CM,3-38606151-GG-TA,53.46,81,80.56,0.872762157,0.986424206,-1.84,-2.5,,c.1141-4_1141-3delinsTA,569946,VUS,0
V43,iPSC-CM,3-38606741-A-G,58.38,69.76,86.39,0.217935293,0.42366621,-14.36,-16.72,p.Asp356Asp,c.1068T>C,165156,CI,0
V46,iPSC-CM,3-38606774-G-A,77.73,43.27,86.39,0.331203282,0.548834928,-16.75,-19.5,p.Gly345Gly,c.1035C>T,264022,CI,0
V39,iPSC-CM,3-38608040-G-T,77.26,81.49,88.4,0.466471621,0.659905036,5.6,7.29,,c.998+111C>A,,,0
V40,iPSC-CM,3-38608154-G-C,56.73,86.04,60.56,0.463723778,0.659905036,-9.01,-11.73,p.Ala332Gly,c.995C>G,,,0
V37,iPSC-CM,3-38608260-G-C,82.69,83.37,88.07,0.311932101,0.536521747,7.92,10.32,,c.935-46C>G,673823,LB,0
V35,iPSC-CM,3-38609768-G-T,39.24,84.67,81.64,0.670311628,0.826391203,-7.55,-9.92,p.Val300Val,c.900C>A,,,0
V29,iPSC-CM,3-38609783-C-T,79.48,83.14,83.19,0.433048478,0.637762304,5.87,7.72,p.Glu295Glu,c.885G>A,139042,B/LB,0
V34,iPSC-CM,3-38609832-T-C,70.17,73.27,64.81,0.390309674,0.600297009,-6.65,-8.74,p.Lys279Arg,c.836A>G,1406965,VUS,0
V33,iPSC-CM,3-38609836-G-A,77.94,75.47,81.32,0.756797863,0.879913305,2.18,2.86,p.His278Tyr,c.832C>T,1171664,VUS,0
V27,iPSC-CM,3-38609873-G-A,62.84,81.19,81.94,0.935825193,1,-0.74,-0.98,p.Ala265Ala,c.795C>T,139041,B,0
V30,iPSC-CM,3-38609951-G-A,79.87,81.97,64.78,0.951235104,1,-0.53,-0.69,p.Ile239Ile,c.717C>T,48316,CI,0
V22,iPSC-CM,3-38613791-G-A,6.45,21.68,32.13,0.47534608,0.660051985,6.6,48.93,p.Arg219Cys,c.655C>T,432157,VUS,0
V6,iPSC-CM,3-38620843-G-A,79.56,82.85,56.66,0.919232125,1,1.01,1.41,p.Ala204Val,c.611C>T,68028,VUS,0
V7,iPSC-CM,3-38620844-C-T,82.16,85.02,85.72,0.08459853,0.199586823,12.29,17.06,p.Ala204Thr,c.610G>A,633409,VUS,0
V11,iPSC-CM,3-38620875-C-A,60.54,54.65,83.44,0.59319965,0.752560604,-5.8,-8.06,p.Trp193*,c.579G>T,,,0
V2,iPSC-CM,3-38620959-G-A,53.57,82.6,82.6,0.936809481,1,0.91,1.27,p.Thr165Thr,c.495C>T,378538,CI,0
V281,iPSC-CM,3-38554272-T-TACCC,1.1,0.65,0.77,0.006578009,0.027768544,-68.52,-98.79,,c.4813+3_6dupGGGT,254157,LP,1
V287,iPSC-CM,3-38554274-C-T,0.91,0.82,0.36,0.006537237,0.027768544,-68.66,-98.99,,c.4813+5G>A,1326912,VUS,1
V279,iPSC-CM,3-38554373-G-A,2.96,0.4,0.45,0.005786207,0.027601064,-68.08,-98.16,p.Gly1573Gly,c.4719C>T,263423,CI,1
V265,iPSC-CM,3-38557225-A-T,21.9,0.19,0.07,0.030306516,0.098193113,-50.18,-87.17,,c.4299+6T>A,229234,VUS,1
V241,iPSC-CM,3-38560145-A-T,0.57,0.49,0.49,0.003777082,0.022612692,-72.26,-99.29,,c.4245+2T>A,201510,P/LP,1
V246,iPSC-CM,3-38560172-G-C,0.64,8.51,5.06,0.000891849,0.009851735,-68.05,-93.5,p.Ala1407Gly,c.4220C>G,846026,VUS,1
V251,iPSC-CM,3-38560196-T-C,0.91,1.04,0.83,0.00381531,0.022612692,-71.85,-98.73,p.Lys1399Arg,c.4196A>G,,,1
V250,iPSC-CM,3-38560197-T-A,20.1,23.05,20.26,0.005558152,0.027601064,-51.64,-70.96,p.Lys1399*,c.4195A>T,,,1
V249,iPSC-CM,3-38560358-C-T,27.91,36.31,20.59,0.002201143,0.016788477,-44.51,-61.16,p.Trp1345*,c.4034G>A,,,1
V248,iPSC-CM,3-38560359-A-T,30.07,26.31,26.32,0.006246092,0.027768544,-45.21,-62.12,p.Trp1345Arg,c.4033T>A,,,1
V247,iPSC-CM,3-38560426-C-T,11.35,5.52,7.19,0.001774039,0.01486522,-64.76,-88.98,p.Val1322Val,c.3966G>A,,,1
V239,iPSC-CM,3-38560427-ACCT-A,0,0,0,0.003724975,0.022612692,-72.78,-100,,c.3964-2_3964del,201569,P/LP,1
V226,iPSC-CM,3-38562414-C-T,0.64,0.84,0.46,0.007196942,0.028207371,-74.66,-99.14,,c.3963+1G>A,132906,LP,1
V231,iPSC-CM,3-38562415-C-T,6.58,20.06,29.82,0.003712332,0.022612692,-56.49,-75.01,p.Arg1321Arg,c.3963G>A,,,1
V221,iPSC-CM,3-38566404-C-T,2.05,2.42,2.01,2.96E-05,0.003596477,-82.9,-97.46,,c.3840+5G>A,,,1
V203,iPSC-CM,3-38575295-A-G,1.74,1.29,1.83,0.000364477,0.009590751,-82.66,-98.08,,c.3666+2T>C,1510225,LP,1
V209,iPSC-CM,3-38575343-A-T,20.74,20.71,1.2,0.005846279,0.027601064,-70.06,-83.13,p.Phe1207Tyr,c.3620T>A,,,1
V202,iPSC-CM,3-38575452-C-G,3.56,3.42,3.91,0.000394681,0.009590751,-80.65,-95.7,,c.3512-1G>C,496573,LP,1
V201,iPSC-CM,3-38575452-C-T,9.49,7.67,0.36,8.35E-05,0.005072707,-78.44,-93.07,,c.3512-1G>A,847226,LP,1
V193,iPSC-CM,3-38576780-G-A,8.29,6.12,5.75,0.007093019,0.028207371,-69.41,-91.17,p.Thr1131Ile,c.3392C>T,67795,VUS,1
V192,iPSC-CM,3-38576782-C-T,0.66,0.49,0.78,0.006627883,0.027768544,-75.49,-99.16,,c.3391-1G>A,1502792,LP,1
V183,iPSC-CM,3-38579334-C-A,0,0,0,0.00101352,0.009851735,-43.81,-100,p.Glu1130Asp,c.3390G>T,,,1
V185,iPSC-CM,3-38579334-C-T,0,0,0,0.00101352,0.009851735,-43.81,-100,p.Glu1130Glu,c.3390G>A,,,1
V182,iPSC-CM,3-38579335-T-C,0,0,0,0.00101352,0.009851735,-43.81,-100,p.Glu1130Gly,c.3389A>G,,,1
V181,iPSC-CM,3-38579340-G-T,0,17.11,0,0.017119253,0.058010245,-38.11,-86.98,p.Cys1128*,c.3384C>A,,,1
V180,iPSC-CM,3-38579366-T-A,1.09,1.07,0.96,0.001054116,0.009851932,-42.77,-97.62,p.Lys1120*,c.3358A>T,,,1
V174,iPSC-CM,3-38579494-T-A,0,0,0,0.001013544,0.009851735,-43.81,-100,p.Gln1077Leu,c.3230A>T,,,1
V176,iPSC-CM,3-38579494-T-G,0,0,0,0.001013553,0.009851735,-43.81,-100,p.Gln1077Pro,c.3230A>C,,,1
V169,iPSC-CM,3-38579502-A-G,10.04,0.24,8.01,0.001864125,0.015099411,-37.71,-86.08,,c.3229-7T>C,926232,LB,1
V132,iPSC-CM,3-38597695-GC-G,32.38,24.51,19.28,0.002210828,0.016788477,-45.45,-64.16,,c.2262+33del,1181486,LB,1
V142,iPSC-CM,3-38597729-C-A,0,0,0,0.000618782,0.009820311,-70.83,-100,p.Leu754Leu,c.2262G>T,,,1
V143,iPSC-CM,3-38597729-C-G,0,0,0,0.000618762,0.009820311,-70.83,-100,p.Leu754Leu,c.2262G>C,,,1
V144,iPSC-CM,3-38597729-C-T,0,0,0,0.000618762,0.009820311,-70.83,-100,p.Leu754Leu,c.2262G>A,,,1
V141,iPSC-CM,3-38597735-T-A,31.34,35.43,35.02,0.000128598,0.00527973,-36.9,-52.1,p.Gly752Gly,c.2256A>T,,,1
V140,iPSC-CM,3-38597738-G-T,4.61,1.34,1.2,2.38E-05,0.003596477,-68.45,-96.64,p.Val751Val,c.2253C>A,,,1
V139,iPSC-CM,3-38597759-T-C,0.9,20.46,0.88,0.007089613,0.028207371,-63.42,-89.53,p.Glu744Glu,c.2232A>G,,,1
V135,iPSC-CM,3-38597968-C-T,9.94,17.83,8.35,0.000251707,0.007645588,-58.79,-83,,c.2024-1G>A,1067586,LP,1
V138,iPSC-CM,3-38597978-A-T,26.94,17.17,16.95,0.000792429,0.009851735,-50.48,-71.27,,c.2024-11T>A,,,1
V122,iPSC-CM,3-38598916-A-T,0.49,0.47,0.72,0.017082216,0.058010245,-30.5,-98.19,,c.2023+2T>A,201580,P,1
V120,iPSC-CM,3-38598917-C-T,0.62,0.53,0.86,0.017188221,0.058010245,-30.39,-97.84,,c.2023+1G>A,519460,LP,1
V126,iPSC-CM,3-38598918-C-A,0,0,0,0.016516627,0.058010245,-31.06,-100,p.Glu675*,c.2023G>T,,,1
V127,iPSC-CM,3-38598918-C-G,0,0,0,0.016516162,0.058010245,-31.06,-100,p.Glu675Gln,c.2023G>C,,,1
V128,iPSC-CM,3-38598918-C-T,0,0,0,0.016516162,0.058010245,-31.06,-100,p.Glu675Lys,c.2023G>A,,,1
V125,iPSC-CM,3-38598920-T-A,0,0.01,0.02,0.016523391,0.058010245,-31.05,-99.98,p.Glu674Val,c.2021A>T,,,1
V121,iPSC-CM,3-38599051-C-T,6.42,3.52,5.62,0.019762791,0.065785728,-25.87,-83.3,,c.1891-1G>A,201464,P,1
V123,iPSC-CM,3-38599055-G-C,7.07,10.09,2.64,0.012245196,0.045778196,-24.46,-78.76,,c.1891-5C>G,201463,VUS,1
V111,iPSC-CM,3-38603707-C-T,1.67,1.92,1.09,0.000556988,0.009820311,-70.91,-97.85,,c.1890+5G>A,,,1
V112,iPSC-CM,3-38603712-C-A,0,0,0,0.000646605,0.009820311,-72.47,-100,p.Thr630Thr,c.1890G>T,,,1
V114,iPSC-CM,3-38603712-C-G,0,0,0,0.000646605,0.009820311,-72.47,-100,p.Thr630Thr,c.1890G>C,,,1
V102,iPSC-CM,3-38604084-C-T,19.89,1.17,13.05,0.004185065,0.023650482,-61.1,-84.31,,c.1519-1G>A,201455,LP,1
V88,iPSC-CM,3-38604729-C-G,0,0,0,0.002441278,0.017257068,-75.99,-100,p.Met506Ile,c.1518G>C,,,1
V89,iPSC-CM,3-38604729-C-T,6.22,0,28.32,0.008386167,0.031841227,-64.48,-84.85,p.Met506Ile,c.1518G>A,,,1
V86,iPSC-CM,3-38604784-T-A,8.01,0.55,18.88,0.000859257,0.009851735,-66.84,-87.96,p.Glu488Val,c.1463A>T,,,1
V85,iPSC-CM,3-38604792-T-A,0.85,0.68,0.71,0.002485586,0.017257068,-75.24,-99.02,p.Gly485Gly,c.1455A>T,,,1
V63,iPSC-CM,3-38605949-A-T,2.24,1.86,2.55,0.005803265,0.027601064,-71.3,-96.99,,c.1338+2T>A,189324,P/LP,1
V75,iPSC-CM,3-38605951-C-A,26.24,0,0.01,0.00578515,0.027601064,-64.76,-88.09,p.Glu446Asp,c.1338G>T,,,1
V76,iPSC-CM,3-38605951-C-G,0,0,0,0.005510346,0.027601064,-73.51,-100,p.Glu446Asp,c.1338G>C,,,1
V67,iPSC-CM,3-38605951-C-T,0,0,0,0.005510197,0.027601064,-73.51,-100,p.Glu446=,c.1338G>A,451631,VUS,1
V74,iPSC-CM,3-38605952-T-A,23.32,0.02,20.91,0.004062758,0.02350596,-58.76,-79.94,p.Glu446Val,c.1337A>T,,,1
V71,iPSC-CM,3-38606078-A-T,8.1,7.07,7.01,0.006620786,0.027768544,-66.12,-89.94,p.Leu404Gln,c.1211T>A,,,1
V69,iPSC-CM,3-38606092-C-T,10.9,9.57,8.94,0.006831193,0.028135254,-63.71,-86.66,p.Leu399Leu,c.1197G>A,,,1
V61,iPSC-CM,3-38606149-C-T,15.07,13.46,12.74,0.007561308,0.029165044,-59.76,-81.29,,c.1141-1G>A,463294,LP,1
V62,iPSC-CM,3-38606150-T-C,12.57,13.03,21.55,0.002450807,0.017257068,-57.79,-78.62,,c.1141-2A>G,1521971,LP,1
V47,iPSC-CM,3-38606667-A-C,0.17,0.42,0.07,0.000133043,0.00527973,-85.65,-99.74,,c.1140+2T>G,1502060,LP,1
V49,iPSC-CM,3-38606668-C-T,0.14,0.1,0.11,0.000152091,0.00527973,-85.75,-99.86,,c.1140+1G>A,180520,VUS,1
V52,iPSC-CM,3-38606669-C-G,10.31,0,0,0.000763211,0.009851735,-82.44,-96,p.Gln380Gln,c.1140G>C,,,1
V48,iPSC-CM,3-38606811-C-T,0.99,0.11,0.06,5.15E-05,0.004168914,-85.49,-99.55,,c.999-1G>A,1348900,LP,1
V38,iPSC-CM,3-38608217-G-C,0.4,1,0.11,0.005906401,0.027601064,-76.29,-99.35,,c.935-3C>G,1326908,VUS,1
V32,iPSC-CM,3-38609733-C-T,0.69,1.59,0.97,0.00628662,0.027768544,-74.98,-98.58,,c.934+1G>A,1072847,P,1
V31,iPSC-CM,3-38609966-T-C,9.52,5.81,9.95,0.005883685,0.027601064,-67.64,-88.92,,c.704-2A>G,505834,LP,1
V21,iPSC-CM,3-38613742-C-A,0.11,0.06,0.04,0.032466696,0.098617589,-13.42,-99.48,,c.703+1G>T,1171509,LP,1
V20,iPSC-CM,3-38613742-C-G,0.08,0.08,0.03,0.032444538,0.098617589,-13.42,-99.52,,c.703+1G>C,1345786,LP,1
V26,iPSC-CM,3-38613744-T-G,0,0,0,0.032155562,0.098617589,-13.49,-100,p.Ser234=,c.702A>C,201442,VUS,1
V14,iPSC-CM,3-38613816-C-T,0.07,0.05,0.03,0.032376297,0.098617589,-13.44,-99.64,p.Val210Val,c.630G>A,36766,CI,1
V19,iPSC-CM,3-38613835-C-T,0.07,0.05,0.02,0.03237349,0.098617589,-13.44,-99.64,,c.612-1G>A,984516,LP,1
V10,iPSC-CM,3-38620838-C-T,0.04,0.07,0.05,0.003145515,0.020674764,-71.95,-99.92,,c.611+5G>A,645777,VUS,1
V3,iPSC-CM,3-38620842-C-T,0.09,0.1,0.07,0.003148009,0.020674764,-71.93,-99.88,,c.611+1G>A,201427,P,1
V12,iPSC-CM,3-38620852-A-C,0.38,38.76,13.44,0.028947453,0.095057178,-54.48,-75.66,p.Ile201Ser,c.602T>G,,,1
V253,iPSC-CM,3-38557203-G-A,32.72,39.49,0.14,0.11918258,0.256295283,-33.45,-58.11,,c.4299+28C>T,1285160,B,NA
V256,iPSC-CM,3-38557225-A-G,0.12,0.13,0.41,0.039635516,0.103281244,-57.35,-99.62,,c.4299+6T>C,201588,CI,NA
V260,iPSC-CM,3-38557229-AC-A,0.54,0.47,0.37,0.039952415,0.103281244,-57.11,-99.2,,c.4299+1del,1327132,LP,NA
V259,iPSC-CM,3-38557230-C-A,0.17,0.17,0.08,0.03953533,0.103281244,-57.43,-99.76,,c.4299+1G>T,1068181,LP,NA
V261,iPSC-CM,3-38557231-C-A,0,0,0,0.03935823,0.103281244,-57.57,-100,p.Gly1433Gly,c.4299G>T,1527872,LP,NA
V272,iPSC-CM,3-38557231-C-G,0,0,0,0.03935823,0.103281244,-57.57,-100,p.Gly1433Gly,c.4299G>C,201590,VUS,NA
V264,iPSC-CM,3-38557232-C-A,2.36,0,0,0.039859932,0.103281244,-56.78,-98.63,p.Gly1433Val,c.4298G>T,67879,VUS,NA
V268,iPSC-CM,3-38557232-CCCCTGGAGTCCACAGCTGCATACATAATGT-C,0,0,0,0.03935823,0.103281244,-57.57,-100,p.Asp1423_Arg1432del,c.4268_4297del,1012143,VUS,NA
V273,iPSC-CM,3-38557233-C-A,0,0,0,0.039358785,0.103281244,-57.57,-100,p.Gly1433Trp,c.4297G>T,519412,VUS,NA
V270,iPSC-CM,3-38557234-C-G,1.06,0.99,0.88,0.040642661,0.103959647,-56.59,-98.3,p.Arg1432Ser,c.4296G>C,67878,VUS,NA
V267,iPSC-CM,3-38557263-C-T,36.39,45.99,35.49,0.257037561,0.476794864,-18.28,-31.75,p.Asp1423Asn,c.4267G>A,222810,VUS,NA
V262,iPSC-CM,3-38557286-CT-C,0.13,0.16,0.1,0.039525658,0.103281244,-57.44,-99.77,,c.4246-2del,201599,P,NA
V257,iPSC-CM,3-38557286¬†-T-C,0.08,0.16,0.07,0.039491835,0.103281244,-57.46,-99.82,,c.4246-2A>G,667016,LP,NA
V244,iPSC-CM,3-38560220-C-A,58.29,57.85,44.91,0.037885635,0.103281244,-19.1,-26.24,p.Gly1391Val,c.4172G>T,1353485,VUS,NA
V232,iPSC-CM,3-38562440-G-C,43.01,0.93,0.69,0.033834102,0.100264474,-60.44,-80.25,p.Ala1313Gly,c.3938C>G,,,NA
V229,iPSC-CM,3-38562496-G-T,65.38,44.97,63.82,0.132328805,0.279616518,-17.25,-22.91,p.Ala1294Ala,c.3882C>A,576406,VUS,NA
V220,iPSC-CM,3-38566403-A-G,45.23,77.49,44.23,0.114216023,0.247807979,-29.41,-34.58,,c.3840+6T>C,,,NA
V223,iPSC-CM,3-38566455-T-C,50.02,69.15,52.7,0.042040305,0.106414522,-27.77,-32.65,p.Lys1265Glu,c.3794A>G,,,NA
V222,iPSC-CM,3-38566479-T-C,47.56,46.76,80.58,0.137844975,0.288761457,-26.76,-31.46,p.Lys1257Arg,c.3770A>G,,,NA
V218,iPSC-CM,3-38566582-C-G,54.19,48.07,49.47,0.001195734,0.010761608,-34.49,-40.54,p.Ala1223Pro,c.3667G>C,217492,VUS,NA
V208,iPSC-CM,3-38575347-A-T,26.63,59.6,65.05,0.103345055,0.230393104,-33.85,-40.17,p.Trp1206Arg,c.3616T>A,,,NA
V177,iPSC-CM,3-38579493-C-A,23.26,6.02,50.18,0.309541219,0.536521747,-17.32,-39.54,p.Gln1077Met,c.3231G>T,,,NA
V179,iPSC-CM,3-38579493-C-T,8.11,4.68,25.08,0.033400131,0.100200394,-31.19,-71.18,p.Gln1077Gln,c.3231G>A,,,NA
V157,iPSC-CM,3-38585689-A-T,0.95,1.35,1.41,0.063108248,0.15364923,-53.63,-97.74,,c.2787+2T>A,979203,P,NA
V156,iPSC-CM,3-38585690-C-A,0.93,0.91,2.21,0.063230136,0.15364923,-53.52,-97.54,,c.2787+1G>T,406420,LP,NA
V159,iPSC-CM,3-38585787-T-A,0.38,0.23,36.55,0.086161431,0.201319496,-42.48,-77.42,p.Gly897Gly,c.2691A>T,,,NA
V116,iPSC-CM,3-38599027-G-A,33.46,16.57,12.96,0.26207214,0.482450984,-10.07,-32.41,p.Gly638Gly,c.1914C>T,426231,CI,NA
V124,iPSC-CM,3-38599057-G-T,22.15,4.67,17.54,0.073568572,0.175266305,-16.27,-52.4,,c.1891-7C>A,,,NA
V101,iPSC-CM,3-38603705-G-A,37.03,37.88,75.89,0.223447727,0.430934902,-22.21,-30.64,,c.1890+7C>T,532172,LB,NA
V95,iPSC-CM,3-38603847-G-A,41.64,37.56,1.2,0.068106911,0.163861182,-45.67,-63.02,p.His585His,c.1755C>T,139052,CI,NA
V94,iPSC-CM,3-38603868-G-A,42.06,58.28,71.43,0.211314277,0.417474546,-15.21,-20.99,p.Pro578Pro,c.1734C>T,227926,CI,NA
V113,iPSC-CM,3-38603881-C-A,37.2,64.37,39.07,0.094138208,0.211810969,-25.59,-35.31,p.Gly574Val,c.1721G>T,,,NA
V93,iPSC-CM,3-38603921-G-A,53.95,50.25,53.8,0.001636219,0.014200039,-19.81,-27.33,p.Leu561Leu,c.1681C>T,48290,CI,NA
V105,iPSC-CM,3-38604005-G-A,28.72,72.17,53.35,0.234365936,0.441480019,-21.06,-29.06,p.Arg533Cys,c.1597C>T,575108,VUS,NA
V106,iPSC-CM,3-38604007-A-C,64.41,59.21,24.93,0.202809805,0.403957235,-22.96,-31.68,p.Phe532Cys,c.1595T>G,67671,VUS,NA
V66,iPSC-CM,3-38606091-C-T,45.15,65.6,56.38,0.092217872,0.211405121,-17.8,-24.22,p.Gly400Arg,c.1198G>A,1017347,VUS,NA
V42,iPSC-CM,3-38606699-C-T,72.82,43.46,86.07,0.280585543,0.505053978,-18.42,-21.45,p.Thr370Thr,c.1110G>A,704551,B/LB,NA
V41,iPSC-CM,3-38606792-G-A,38.32,59.51,86.92,0.225896259,0.431011765,-24.29,-28.28,p.Tyr339Tyr,c.1017C>T,227057,B,NA
V36,iPSC-CM,3-38608146-C-T,49.16,37.35,70.05,0.107416576,0.237292982,-24.6,-32.04,,c.998+5G>A,165158,CI,NA
V24,iPSC-CM,3-38613775-A-G,9.17,21.15,0.03,0.648896328,0.804499018,-3.37,-25,p.Leu224Pro,c.671T>C,1516906,VUS,NA
V23,iPSC-CM,3-38613790-C-G,0.05,27.14,0.04,0.678626913,0.828315453,-4.41,-32.7,p.Arg219Pro,c.656G>C,900863,VUS,NA
V8,iPSC-CM,3-38620843-G-T,54.92,48.05,19.34,0.089194465,0.206421477,-31.24,-43.38,p.Ala204Glu,c.611C>A,201436,VUS,NA